fuel_type,unit,co2_factor,ch4_factor,n2o_factor,co2e_total,source,year,notes
diesel,L,2.65,0.015,0.015,2.68,DEFRA / IPCC,2023,Standard industrial grade high-speed diesel
natural_gas,m3,1.98,0.035,0.015,2.03,US EPA / IPCC,2023,Standard pipeline natural gas
coal,kg,2.38,0.025,0.015,2.42,CEA / IPCC,2023,Indian non-coking thermal coal grade G11
heavy_fuel_oil,L,3.08,0.022,0.018,3.12,DEFRA,2023,Residual fuel oil for industrial furnaces
lpg,kg,1.58,0.018,0.012,1.61,DEFRA,2023,Liquefied petroleum gas (propane/butane mix)
biomass,kg,0.045,0.003,0.002,0.05,IPCC 2019,2023,Agricultural residues / wood pellets (biogenic scope)
grid_electricity_in,kWh,0.710,0.003,0.003,0.716,CEA India Baseline,2024,National grid emission factor (weighted average)
grid_electricity_us,kWh,0.380,0.003,0.003,0.386,US EPA eGRID,2023,US national grid average
grid_electricity_global,kWh,0.485,0.003,0.002,0.490,IEA World Energy,2023,Global average grid intensity
