date,latitude,longitude,temperature_c,relative_humidity_pct,precipitation_mm,surface_pressure_hpa,wind_speed_ms,wind_direction_deg,wind_u,wind_v,source
2023-01-01,22.4125,73.0944,19.4,61,0.0,1012.8,3.22,32,-1.708,-2.733,ERA5 Reanalysis (Open-Meteo Historical Archive)
2023-01-02,22.4125,73.0944,19.3,62,0.0,1012.7,3.31,40,-2.125,-2.532,ERA5 Reanalysis (Open-Meteo Historical Archive)
2023-01-03,22.4125,73.0944,19.1,60,0.0,1012.9,4.53,38,-2.788,-3.568,ERA5 Reanalysis (Open-Meteo Historical Archive)
2023-01-04,22.4125,73.0944,18.1,54,0.0,1013.3,6.0,47,-4.388,-4.092,ERA5 Reanalysis (Open-Meteo Historical Archive)
2023-01-05,22.4125,73.0944,19.0,58,0.0,1012.9,5.22,53,-4.171,-3.143,ERA5 Reanalysis (Open-Meteo Historical Archive)
2023-01-06,22.4125,73.0944,21.6,68,0.0,1013.5,4.22,67,-3.887,-1.65,ERA5 Reanalysis (Open-Meteo Historical Archive)
2023-01-07,22.4125,73.0944,22.9,63,0.0,1013.2,3.81,82,-3.769,-0.53,ERA5 Reanalysis (Open-Meteo Historical Archive)
2023-01-08,22.4125,73.0944,21.5,61,0.0,1012.2,3.11,72,-2.959,-0.961,ERA5 Reanalysis (Open-Meteo Historical Archive)
2023-01-09,22.4125,73.0944,20.6,59,0.0,1013.1,3.33,72,-3.17,-1.03,ERA5 Reanalysis (Open-Meteo Historical Archive)
2023-01-10,22.4125,73.0944,19.9,60,0.0,1012.5,2.53,66,-2.309,-1.028,ERA5 Reanalysis (Open-Meteo Historical Archive)
2023-01-11,22.4125,73.0944,19.9,64,0.0,1009.4,2.69,108,-2.563,0.833,ERA5 Reanalysis (Open-Meteo Historical Archive)
2023-01-12,22.4125,73.0944,21.5,65,0.0,1007.7,3.22,253,3.081,0.942,ERA5 Reanalysis (Open-Meteo Historical Archive)
2023-01-13,22.4125,73.0944,19.4,53,0.0,1009.0,2.81,288,2.668,-0.867,ERA5 Reanalysis (Open-Meteo Historical Archive)
2023-01-14,22.4125,73.0944,17.4,49,0.0,1010.6,3.31,27,-1.501,-2.945,ERA5 Reanalysis (Open-Meteo Historical Archive)
2023-01-15,22.4125,73.0944,17.5,49,0.0,1009.3,3.75,33,-2.042,-3.145,ERA5 Reanalysis (Open-Meteo Historical Archive)
2023-01-16,22.4125,73.0944,17.7,47,0.0,1009.0,3.25,30,-1.625,-2.815,ERA5 Reanalysis (Open-Meteo Historical Archive)
2023-01-17,22.4125,73.0944,18.4,45,0.0,1009.5,3.64,35,-2.087,-2.981,ERA5 Reanalysis (Open-Meteo Historical Archive)
2023-01-18,22.4125,73.0944,19.4,52,0.0,1010.4,3.61,47,-2.641,-2.463,ERA5 Reanalysis (Open-Meteo Historical Archive)
2023-01-19,22.4125,73.0944,20.2,58,0.0,1009.4,3.19,41,-2.096,-2.411,ERA5 Reanalysis (Open-Meteo Historical Archive)
2023-01-20,22.4125,73.0944,20.3,64,0.0,1008.6,2.83,7,-0.345,-2.812,ERA5 Reanalysis (Open-Meteo Historical Archive)
2023-01-21,22.4125,73.0944,20.1,39,0.0,1009.4,3.58,325,2.055,-2.935,ERA5 Reanalysis (Open-Meteo Historical Archive)
2023-01-22,22.4125,73.0944,18.7,40,0.0,1009.2,3.22,316,2.238,-2.318,ERA5 Reanalysis (Open-Meteo Historical Archive)
2023-01-23,22.4125,73.0944,18.2,44,0.0,1008.4,2.92,293,2.685,-1.14,ERA5 Reanalysis (Open-Meteo Historical Archive)
2023-01-24,22.4125,73.0944,18.6,48,0.0,1008.5,3.11,289,2.942,-1.013,ERA5 Reanalysis (Open-Meteo Historical Archive)
2023-01-25,22.4125,73.0944,19.1,46,0.0,1009.5,3.72,350,0.646,-3.666,ERA5 Reanalysis (Open-Meteo Historical Archive)
2023-01-26,22.4125,73.0944,20.3,50,0.0,1010.1,4.81,27,-2.182,-4.282,ERA5 Reanalysis (Open-Meteo Historical Archive)
2023-01-27,22.4125,73.0944,22.1,59,0.0,1009.6,4.44,41,-2.916,-3.354,ERA5 Reanalysis (Open-Meteo Historical Archive)
2023-01-28,22.4125,73.0944,23.7,65,3.5,1006.8,5.61,51,-4.361,-3.531,ERA5 Reanalysis (Open-Meteo Historical Archive)
2023-01-29,22.4125,73.0944,22.8,71,3.7,1004.7,3.81,170,-0.661,3.748,ERA5 Reanalysis (Open-Meteo Historical Archive)
2023-01-30,22.4125,73.0944,22.2,69,0.0,1009.4,3.25,15,-0.841,-3.139,ERA5 Reanalysis (Open-Meteo Historical Archive)
2023-01-31,22.4125,73.0944,21.6,61,0.0,1011.2,5.33,30,-2.667,-4.619,ERA5 Reanalysis (Open-Meteo Historical Archive)
2023-02-01,22.4125,73.0944,21.5,54,0.0,1011.1,5.19,43,-3.543,-3.799,ERA5 Reanalysis (Open-Meteo Historical Archive)
2023-02-02,22.4125,73.0944,21.7,45,0.0,1010.4,3.97,59,-3.405,-2.046,ERA5 Reanalysis (Open-Meteo Historical Archive)
2023-02-03,22.4125,73.0944,22.2,44,0.0,1009.9,3.19,56,-2.648,-1.786,ERA5 Reanalysis (Open-Meteo Historical Archive)
2023-02-04,22.4125,73.0944,22.0,43,0.0,1008.5,3.0,52,-2.364,-1.847,ERA5 Reanalysis (Open-Meteo Historical Archive)
2023-02-05,22.4125,73.0944,22.9,43,0.0,1007.0,2.64,74,-2.537,-0.727,ERA5 Reanalysis (Open-Meteo Historical Archive)
2023-02-06,22.4125,73.0944,23.0,45,0.0,1007.1,3.33,334,1.461,-2.996,ERA5 Reanalysis (Open-Meteo Historical Archive)
2023-02-07,22.4125,73.0944,23.1,56,0.0,1007.4,3.69,40,-2.375,-2.83,ERA5 Reanalysis (Open-Meteo Historical Archive)
2023-02-08,22.4125,73.0944,22.6,43,0.0,1008.1,2.94,43,-2.008,-2.153,ERA5 Reanalysis (Open-Meteo Historical Archive)
2023-02-09,22.4125,73.0944,23.8,44,0.0,1007.5,2.64,96,-2.624,0.276,ERA5 Reanalysis (Open-Meteo Historical Archive)
2023-02-10,22.4125,73.0944,25.0,30,0.0,1008.3,3.11,254,2.991,0.858,ERA5 Reanalysis (Open-Meteo Historical Archive)
2023-02-11,22.4125,73.0944,23.7,41,0.0,1009.6,2.92,309,2.267,-1.836,ERA5 Reanalysis (Open-Meteo Historical Archive)
2023-02-12,22.4125,73.0944,24.2,47,0.0,1011.5,4.75,29,-2.303,-4.154,ERA5 Reanalysis (Open-Meteo Historical Archive)
2023-02-13,22.4125,73.0944,23.5,28,0.0,1011.8,4.03,45,-2.848,-2.848,ERA5 Reanalysis (Open-Meteo Historical Archive)
2023-02-14,22.4125,73.0944,23.0,31,0.0,1010.4,3.0,54,-2.427,-1.763,ERA5 Reanalysis (Open-Meteo Historical Archive)
2023-02-15,22.4125,73.0944,24.3,34,0.0,1008.5,3.03,53,-2.418,-1.822,ERA5 Reanalysis (Open-Meteo Historical Archive)
2023-02-16,22.4125,73.0944,25.8,35,0.0,1008.6,3.11,28,-1.461,-2.747,ERA5 Reanalysis (Open-Meteo Historical Archive)
2023-02-17,22.4125,73.0944,25.9,35,0.0,1008.9,3.11,42,-2.082,-2.312,ERA5 Reanalysis (Open-Meteo Historical Archive)
2023-02-18,22.4125,73.0944,26.1,36,0.0,1008.5,3.0,68,-2.782,-1.124,ERA5 Reanalysis (Open-Meteo Historical Archive)
2023-02-19,22.4125,73.0944,26.3,37,0.0,1008.0,3.0,91,-3.0,0.052,ERA5 Reanalysis (Open-Meteo Historical Archive)
2023-02-20,22.4125,73.0944,26.9,32,0.0,1007.3,3.44,190,0.598,3.392,ERA5 Reanalysis (Open-Meteo Historical Archive)
2023-02-21,22.4125,73.0944,25.9,30,0.0,1007.9,4.03,252,3.831,1.245,ERA5 Reanalysis (Open-Meteo Historical Archive)
2023-02-22,22.4125,73.0944,25.5,34,0.0,1007.7,3.78,263,3.75,0.46,ERA5 Reanalysis (Open-Meteo Historical Archive)
2023-02-23,22.4125,73.0944,25.2,39,0.0,1007.7,2.97,296,2.671,-1.303,ERA5 Reanalysis (Open-Meteo Historical Archive)
2023-02-24,22.4125,73.0944,26.1,28,0.0,1008.7,3.19,6,-0.334,-3.177,ERA5 Reanalysis (Open-Meteo Historical Archive)
2023-02-25,22.4125,73.0944,25.8,26,0.0,1010.1,3.03,313,2.214,-2.065,ERA5 Reanalysis (Open-Meteo Historical Archive)
2023-02-26,22.4125,73.0944,26.3,28,0.0,1011.1,2.78,6,-0.29,-2.763,ERA5 Reanalysis (Open-Meteo Historical Archive)
2023-02-27,22.4125,73.0944,26.7,26,0.0,1010.2,3.17,54,-2.562,-1.861,ERA5 Reanalysis (Open-Meteo Historical Archive)
2023-02-28,22.4125,73.0944,26.4,26,0.0,1009.6,3.11,242,2.747,1.461,ERA5 Reanalysis (Open-Meteo Historical Archive)
2023-03-01,22.4125,73.0944,26.9,36,0.0,1010.4,3.28,235,2.685,1.88,ERA5 Reanalysis (Open-Meteo Historical Archive)
2023-03-02,22.4125,73.0944,28.3,28,0.0,1011.0,3.03,39,-1.905,-2.353,ERA5 Reanalysis (Open-Meteo Historical Archive)
2023-03-03,22.4125,73.0944,29.2,27,0.0,1011.2,3.11,66,-2.842,-1.265,ERA5 Reanalysis (Open-Meteo Historical Archive)
2023-03-04,22.4125,73.0944,29.8,26,0.0,1010.6,3.14,1,-0.055,-3.138,ERA5 Reanalysis (Open-Meteo Historical Archive)
2023-03-05,22.4125,73.0944,29.7,29,0.0,1011.0,4.36,44,-3.029,-3.137,ERA5 Reanalysis (Open-Meteo Historical Archive)
2023-03-06,22.4125,73.0944,28.1,36,0.1,1009.9,7.69,165,-1.991,7.432,ERA5 Reanalysis (Open-Meteo Historical Archive)
2023-03-07,22.4125,73.0944,27.9,37,0.0,1009.1,3.83,88,-3.831,-0.134,ERA5 Reanalysis (Open-Meteo Historical Archive)
2023-03-08,22.4125,73.0944,28.0,28,0.0,1009.6,6.58,39,-4.143,-5.116,ERA5 Reanalysis (Open-Meteo Historical Archive)
2023-03-09,22.4125,73.0944,28.0,30,0.0,1009.7,4.83,46,-3.477,-3.358,ERA5 Reanalysis (Open-Meteo Historical Archive)
2023-03-10,22.4125,73.0944,27.2,25,0.0,1009.3,3.69,52,-2.911,-2.275,ERA5 Reanalysis (Open-Meteo Historical Archive)
2023-03-11,22.4125,73.0944,28.2,24,0.0,1008.4,4.17,68,-3.863,-1.561,ERA5 Reanalysis (Open-Meteo Historical Archive)
2023-03-12,22.4125,73.0944,29.1,24,0.0,1007.5,3.53,63,-3.143,-1.602,ERA5 Reanalysis (Open-Meteo Historical Archive)
2023-03-13,22.4125,73.0944,30.4,24,0.0,1006.2,4.75,91,-4.749,0.083,ERA5 Reanalysis (Open-Meteo Historical Archive)
2023-03-14,22.4125,73.0944,30.4,25,0.0,1004.5,4.61,351,0.721,-4.554,ERA5 Reanalysis (Open-Meteo Historical Archive)
2023-03-15,22.4125,73.0944,28.1,30,0.0,1003.8,3.69,51,-2.871,-2.325,ERA5 Reanalysis (Open-Meteo Historical Archive)
2023-03-16,22.4125,73.0944,28.6,36,0.0,1004.4,5.86,187,0.714,5.817,ERA5 Reanalysis (Open-Meteo Historical Archive)
2023-03-17,22.4125,73.0944,26.0,56,7.8,1005.4,5.31,168,-1.103,5.19,ERA5 Reanalysis (Open-Meteo Historical Archive)
2023-03-18,22.4125,73.0944,26.1,57,3.7,1004.2,5.81,165,-1.503,5.608,ERA5 Reanalysis (Open-Meteo Historical Archive)
2023-03-19,22.4125,73.0944,25.8,55,0.0,1003.1,3.78,167,-0.85,3.681,ERA5 Reanalysis (Open-Meteo Historical Archive)
2023-03-20,22.4125,73.0944,26.2,53,0.0,1002.4,5.17,225,3.653,3.653,ERA5 Reanalysis (Open-Meteo Historical Archive)
2023-03-21,22.4125,73.0944,27.1,52,0.2,1003.3,3.89,235,3.186,2.231,ERA5 Reanalysis (Open-Meteo Historical Archive)
2023-03-22,22.4125,73.0944,27.1,57,0.0,1004.4,4.33,230,3.32,2.785,ERA5 Reanalysis (Open-Meteo Historical Archive)
2023-03-23,22.4125,73.0944,27.4,57,0.0,1004.5,6.53,233,5.213,3.929,ERA5 Reanalysis (Open-Meteo Historical Archive)
2023-03-24,22.4125,73.0944,27.4,56,0.0,1004.5,5.58,231,4.339,3.514,ERA5 Reanalysis (Open-Meteo Historical Archive)
2023-03-25,22.4125,73.0944,26.2,44,0.0,1006.3,4.17,263,4.136,0.508,ERA5 Reanalysis (Open-Meteo Historical Archive)
2023-03-26,22.4125,73.0944,26.8,46,0.0,1005.9,2.44,295,2.215,-1.033,ERA5 Reanalysis (Open-Meteo Historical Archive)
2023-03-27,22.4125,73.0944,28.1,38,0.0,1005.0,3.31,288,3.144,-1.021,ERA5 Reanalysis (Open-Meteo Historical Archive)
2023-03-28,22.4125,73.0944,28.4,38,0.0,1004.4,2.36,195,0.611,2.281,ERA5 Reanalysis (Open-Meteo Historical Archive)
2023-03-29,22.4125,73.0944,28.6,39,0.0,1004.5,4.53,245,4.104,1.914,ERA5 Reanalysis (Open-Meteo Historical Archive)
2023-03-30,22.4125,73.0944,27.6,52,0.0,1003.9,5.42,229,4.088,3.554,ERA5 Reanalysis (Open-Meteo Historical Archive)
2023-03-31,22.4125,73.0944,27.4,49,0.0,1003.6,4.17,236,3.454,2.33,ERA5 Reanalysis (Open-Meteo Historical Archive)
2023-04-01,22.4125,73.0944,28.5,50,0.0,1004.2,4.69,249,4.383,1.682,ERA5 Reanalysis (Open-Meteo Historical Archive)
2023-04-02,22.4125,73.0944,29.4,39,0.0,1004.0,3.58,280,3.529,-0.622,ERA5 Reanalysis (Open-Meteo Historical Archive)
2023-04-03,22.4125,73.0944,29.3,41,0.0,1003.7,4.39,240,3.801,2.194,ERA5 Reanalysis (Open-Meteo Historical Archive)
2023-04-04,22.4125,73.0944,29.7,43,0.0,1004.7,4.61,264,4.586,0.482,ERA5 Reanalysis (Open-Meteo Historical Archive)
2023-04-05,22.4125,73.0944,30.3,40,0.0,1004.3,4.72,244,4.244,2.07,ERA5 Reanalysis (Open-Meteo Historical Archive)
2023-04-06,22.4125,73.0944,30.8,35,0.0,1005.1,2.72,320,1.75,-2.085,ERA5 Reanalysis (Open-Meteo Historical Archive)
2023-04-07,22.4125,73.0944,31.6,23,0.0,1006.4,7.17,16,-1.975,-6.889,ERA5 Reanalysis (Open-Meteo Historical Archive)
2023-04-08,22.4125,73.0944,31.0,31,0.0,1007.5,5.94,176,-0.415,5.93,ERA5 Reanalysis (Open-Meteo Historical Archive)
2023-04-09,22.4125,73.0944,32.5,24,0.0,1007.4,3.39,242,2.992,1.591,ERA5 Reanalysis (Open-Meteo Historical Archive)
2023-04-10,22.4125,73.0944,32.7,25,0.0,1006.0,3.5,233,2.795,2.106,ERA5 Reanalysis (Open-Meteo Historical Archive)
2023-04-11,22.4125,73.0944,32.8,28,0.0,1006.1,4.22,251,3.992,1.375,ERA5 Reanalysis (Open-Meteo Historical Archive)
2023-04-12,22.4125,73.0944,33.3,27,0.0,1006.1,4.08,283,3.979,-0.919,ERA5 Reanalysis (Open-Meteo Historical Archive)
2023-04-13,22.4125,73.0944,33.4,26,0.0,1005.6,4.08,298,3.605,-1.917,ERA5 Reanalysis (Open-Meteo Historical Archive)
2023-04-14,22.4125,73.0944,33.2,24,0.0,1004.8,3.11,287,2.975,-0.91,ERA5 Reanalysis (Open-Meteo Historical Archive)
2023-04-15,22.4125,73.0944,32.2,31,0.0,1004.4,4.28,227,3.129,2.917,ERA5 Reanalysis (Open-Meteo Historical Archive)
2023-04-16,22.4125,73.0944,31.9,31,0.0,1003.4,4.97,229,3.753,3.262,ERA5 Reanalysis (Open-Meteo Historical Archive)
2023-04-17,22.4125,73.0944,32.3,31,0.0,1003.6,5.03,227,3.677,3.429,ERA5 Reanalysis (Open-Meteo Historical Archive)
2023-04-18,22.4125,73.0944,33.8,28,0.0,1004.9,4.03,298,3.556,-1.891,ERA5 Reanalysis (Open-Meteo Historical Archive)
2023-04-19,22.4125,73.0944,34.1,27,0.0,1002.4,5.92,284,5.741,-1.431,ERA5 Reanalysis (Open-Meteo Historical Archive)
2023-04-20,22.4125,73.0944,32.7,29,0.0,1000.0,5.75,265,5.728,0.501,ERA5 Reanalysis (Open-Meteo Historical Archive)
2023-04-21,22.4125,73.0944,31.5,38,0.0,1000.3,5.06,239,4.333,2.604,ERA5 Reanalysis (Open-Meteo Historical Archive)
2023-04-22,22.4125,73.0944,31.6,41,0.0,1000.2,4.25,262,4.209,0.591,ERA5 Reanalysis (Open-Meteo Historical Archive)
2023-04-23,22.4125,73.0944,31.7,41,0.0,1000.6,5.33,263,5.294,0.65,ERA5 Reanalysis (Open-Meteo Historical Archive)
2023-04-24,22.4125,73.0944,31.6,35,0.0,1002.2,4.42,318,2.955,-3.282,ERA5 Reanalysis (Open-Meteo Historical Archive)
2023-04-25,22.4125,73.0944,32.5,16,0.0,1002.0,3.61,268,3.609,0.126,ERA5 Reanalysis (Open-Meteo Historical Archive)
2023-04-26,22.4125,73.0944,32.0,35,0.0,1001.5,5.81,202,2.175,5.383,ERA5 Reanalysis (Open-Meteo Historical Archive)
2023-04-27,22.4125,73.0944,31.1,49,0.0,1002.4,4.17,196,1.148,4.005,ERA5 Reanalysis (Open-Meteo Historical Archive)
2023-04-28,22.4125,73.0944,31.5,45,0.0,1003.1,5.31,228,3.943,3.55,ERA5 Reanalysis (Open-Meteo Historical Archive)
2023-04-29,22.4125,73.0944,29.0,54,0.6,1003.2,5.22,219,3.286,4.058,ERA5 Reanalysis (Open-Meteo Historical Archive)
2023-04-30,22.4125,73.0944,27.3,62,6.5,1002.0,5.44,234,4.405,3.2,ERA5 Reanalysis (Open-Meteo Historical Archive)
2023-05-01,22.4125,73.0944,28.7,56,0.2,1001.2,6.28,234,5.079,3.69,ERA5 Reanalysis (Open-Meteo Historical Archive)
2023-05-02,22.4125,73.0944,29.1,56,0.7,1002.2,4.56,221,2.989,3.438,ERA5 Reanalysis (Open-Meteo Historical Archive)
2023-05-03,22.4125,73.0944,30.2,53,0.4,1003.3,4.61,211,2.375,3.952,ERA5 Reanalysis (Open-Meteo Historical Archive)
2023-05-04,22.4125,73.0944,30.8,54,0.1,1002.9,7.44,196,2.052,7.156,ERA5 Reanalysis (Open-Meteo Historical Archive)
2023-05-05,22.4125,73.0944,31.6,51,0.0,1002.0,5.39,196,1.485,5.18,ERA5 Reanalysis (Open-Meteo Historical Archive)
2023-05-06,22.4125,73.0944,32.5,45,0.0,1001.9,5.33,243,4.752,2.421,ERA5 Reanalysis (Open-Meteo Historical Archive)
2023-05-07,22.4125,73.0944,33.8,43,0.0,1001.5,4.25,231,3.303,2.675,ERA5 Reanalysis (Open-Meteo Historical Archive)
2023-05-08,22.4125,73.0944,34.0,41,0.0,1000.9,4.75,233,3.794,2.859,ERA5 Reanalysis (Open-Meteo Historical Archive)
2023-05-09,22.4125,73.0944,35.0,38,0.0,1001.4,3.64,267,3.634,0.19,ERA5 Reanalysis (Open-Meteo Historical Archive)
2023-05-10,22.4125,73.0944,35.3,30,0.0,1001.1,5.69,352,0.793,-5.639,ERA5 Reanalysis (Open-Meteo Historical Archive)
2023-05-11,22.4125,73.0944,36.1,18,0.0,1001.4,4.39,313,3.21,-2.993,ERA5 Reanalysis (Open-Meteo Historical Archive)
2023-05-12,22.4125,73.0944,36.4,20,0.0,1001.1,4.39,292,4.069,-1.644,ERA5 Reanalysis (Open-Meteo Historical Archive)
2023-05-13,22.4125,73.0944,35.7,31,0.0,1001.1,6.31,233,5.036,3.795,ERA5 Reanalysis (Open-Meteo Historical Archive)
2023-05-14,22.4125,73.0944,34.1,44,0.0,1000.1,5.86,228,4.356,3.922,ERA5 Reanalysis (Open-Meteo Historical Archive)
2023-05-15,22.4125,73.0944,33.0,55,0.0,1001.2,6.19,226,4.456,4.303,ERA5 Reanalysis (Open-Meteo Historical Archive)
2023-05-16,22.4125,73.0944,32.9,55,0.0,1002.7,6.22,230,4.766,4.0,ERA5 Reanalysis (Open-Meteo Historical Archive)
2023-05-17,22.4125,73.0944,33.2,52,0.0,1003.6,5.75,234,4.652,3.38,ERA5 Reanalysis (Open-Meteo Historical Archive)
2023-05-18,22.4125,73.0944,33.4,52,0.0,1005.1,5.03,243,4.48,2.283,ERA5 Reanalysis (Open-Meteo Historical Archive)
2023-05-19,22.4125,73.0944,34.2,45,0.0,1003.4,5.08,239,4.357,2.618,ERA5 Reanalysis (Open-Meteo Historical Archive)
2023-05-20,22.4125,73.0944,34.4,46,0.0,1002.4,4.78,230,3.66,3.071,ERA5 Reanalysis (Open-Meteo Historical Archive)
2023-05-21,22.4125,73.0944,34.2,45,0.0,1003.1,5.36,229,4.046,3.517,ERA5 Reanalysis (Open-Meteo Historical Archive)
2023-05-22,22.4125,73.0944,33.5,50,0.0,1004.0,5.97,233,4.77,3.594,ERA5 Reanalysis (Open-Meteo Historical Archive)
2023-05-23,22.4125,73.0944,33.4,49,0.0,1004.1,5.5,227,4.022,3.751,ERA5 Reanalysis (Open-Meteo Historical Archive)
2023-05-24,22.4125,73.0944,33.6,51,0.0,1002.6,6.94,231,5.397,4.37,ERA5 Reanalysis (Open-Meteo Historical Archive)
2023-05-25,22.4125,73.0944,32.9,53,0.0,1002.8,7.17,223,4.888,5.241,ERA5 Reanalysis (Open-Meteo Historical Archive)
2023-05-26,22.4125,73.0944,32.3,56,0.0,1003.2,7.39,218,4.549,5.823,ERA5 Reanalysis (Open-Meteo Historical Archive)
2023-05-27,22.4125,73.0944,32.7,57,0.0,1002.1,7.58,222,5.074,5.636,ERA5 Reanalysis (Open-Meteo Historical Archive)
2023-05-28,22.4125,73.0944,32.7,56,0.6,1002.1,6.33,230,4.852,4.071,ERA5 Reanalysis (Open-Meteo Historical Archive)
2023-05-29,22.4125,73.0944,31.9,56,0.0,1002.7,6.22,304,5.158,-3.479,ERA5 Reanalysis (Open-Meteo Historical Archive)
2023-05-30,22.4125,73.0944,31.7,54,0.9,1003.3,11.33,339,4.062,-10.581,ERA5 Reanalysis (Open-Meteo Historical Archive)
2023-05-31,22.4125,73.0944,33.7,41,0.0,1002.5,6.17,274,6.152,-0.43,ERA5 Reanalysis (Open-Meteo Historical Archive)
2023-06-01,22.4125,73.0944,33.7,38,0.0,1001.7,6.22,247,5.728,2.431,ERA5 Reanalysis (Open-Meteo Historical Archive)
2023-06-02,22.4125,73.0944,33.6,53,0.0,1001.8,5.92,241,5.175,2.868,ERA5 Reanalysis (Open-Meteo Historical Archive)
2023-06-03,22.4125,73.0944,31.6,65,19.3,1001.5,4.72,226,3.397,3.28,ERA5 Reanalysis (Open-Meteo Historical Archive)
2023-06-04,22.4125,73.0944,32.3,62,12.0,1001.5,5.83,227,4.266,3.978,ERA5 Reanalysis (Open-Meteo Historical Archive)
2023-06-05,22.4125,73.0944,33.7,56,0.0,1000.4,5.53,233,4.415,3.327,ERA5 Reanalysis (Open-Meteo Historical Archive)
2023-06-06,22.4125,73.0944,33.5,56,0.0,1000.2,5.17,221,3.39,3.899,ERA5 Reanalysis (Open-Meteo Historical Archive)
2023-06-07,22.4125,73.0944,33.7,57,0.2,999.9,5.19,218,3.198,4.093,ERA5 Reanalysis (Open-Meteo Historical Archive)
2023-06-08,22.4125,73.0944,33.2,55,0.0,1000.9,5.0,227,3.657,3.41,ERA5 Reanalysis (Open-Meteo Historical Archive)
2023-06-09,22.4125,73.0944,33.2,57,0.0,999.0,6.08,222,4.071,4.521,ERA5 Reanalysis (Open-Meteo Historical Archive)
2023-06-10,22.4125,73.0944,33.2,60,0.2,997.8,6.78,220,4.357,5.192,ERA5 Reanalysis (Open-Meteo Historical Archive)
2023-06-11,22.4125,73.0944,33.4,54,1.8,997.2,6.53,208,3.065,5.764,ERA5 Reanalysis (Open-Meteo Historical Archive)
2023-06-12,22.4125,73.0944,33.4,51,0.9,996.9,6.64,199,2.161,6.277,ERA5 Reanalysis (Open-Meteo Historical Archive)
2023-06-13,22.4125,73.0944,32.6,57,1.1,997.5,9.14,197,2.672,8.74,ERA5 Reanalysis (Open-Meteo Historical Archive)
2023-06-14,22.4125,73.0944,31.2,65,0.4,999.1,8.97,203,3.506,8.259,ERA5 Reanalysis (Open-Meteo Historical Archive)
2023-06-15,22.4125,73.0944,30.2,68,2.0,999.0,9.67,197,2.826,9.244,ERA5 Reanalysis (Open-Meteo Historical Archive)
2023-06-16,22.4125,73.0944,29.9,71,2.7,996.8,12.14,196,3.346,11.669,ERA5 Reanalysis (Open-Meteo Historical Archive)
2023-06-17,22.4125,73.0944,30.9,68,0.9,997.4,9.78,213,5.325,8.2,ERA5 Reanalysis (Open-Meteo Historical Archive)
2023-06-18,22.4125,73.0944,31.0,66,0.3,998.9,7.47,227,5.465,5.096,ERA5 Reanalysis (Open-Meteo Historical Archive)
2023-06-19,22.4125,73.0944,31.2,65,0.1,998.8,5.61,232,4.422,3.455,ERA5 Reanalysis (Open-Meteo Historical Archive)
2023-06-20,22.4125,73.0944,31.7,61,0.0,998.2,6.86,230,5.256,4.41,ERA5 Reanalysis (Open-Meteo Historical Archive)
2023-06-21,22.4125,73.0944,31.7,61,0.0,998.7,5.75,224,3.994,4.136,ERA5 Reanalysis (Open-Meteo Historical Archive)
2023-06-22,22.4125,73.0944,32.3,60,0.0,998.8,5.81,230,4.447,3.732,ERA5 Reanalysis (Open-Meteo Historical Archive)
2023-06-23,22.4125,73.0944,32.7,58,0.2,998.4,5.67,228,4.211,3.792,ERA5 Reanalysis (Open-Meteo Historical Archive)
2023-06-24,22.4125,73.0944,28.8,80,12.8,997.7,5.44,202,2.04,5.048,ERA5 Reanalysis (Open-Meteo Historical Archive)
2023-06-25,22.4125,73.0944,28.4,83,16.0,997.1,4.94,212,2.62,4.193,ERA5 Reanalysis (Open-Meteo Historical Archive)
2023-06-26,22.4125,73.0944,26.9,90,37.5,998.2,4.19,213,2.284,3.518,ERA5 Reanalysis (Open-Meteo Historical Archive)
2023-06-27,22.4125,73.0944,27.1,89,9.1,998.0,4.53,218,2.788,3.568,ERA5 Reanalysis (Open-Meteo Historical Archive)
2023-06-28,22.4125,73.0944,27.7,88,15.7,998.5,4.53,226,3.257,3.145,ERA5 Reanalysis (Open-Meteo Historical Archive)
2023-06-29,22.4125,73.0944,26.0,94,48.6,998.2,4.31,233,3.439,2.591,ERA5 Reanalysis (Open-Meteo Historical Archive)
2023-06-30,22.4125,73.0944,25.6,94,45.3,997.6,5.61,226,4.036,3.898,ERA5 Reanalysis (Open-Meteo Historical Archive)
2023-07-01,22.4125,73.0944,26.2,91,21.8,998.9,5.86,225,4.144,4.144,ERA5 Reanalysis (Open-Meteo Historical Archive)
2023-07-02,22.4125,73.0944,28.3,84,1.4,999.0,4.31,206,1.887,3.87,ERA5 Reanalysis (Open-Meteo Historical Archive)
2023-07-03,22.4125,73.0944,29.4,80,0.7,997.9,4.06,210,2.028,3.512,ERA5 Reanalysis (Open-Meteo Historical Archive)
2023-07-04,22.4125,73.0944,29.4,83,1.6,995.7,4.56,207,2.068,4.059,ERA5 Reanalysis (Open-Meteo Historical Archive)
2023-07-05,22.4125,73.0944,28.8,85,3.7,994.3,3.72,207,1.69,3.317,ERA5 Reanalysis (Open-Meteo Historical Archive)
2023-07-06,22.4125,73.0944,28.0,86,9.9,995.3,3.61,211,1.86,3.095,ERA5 Reanalysis (Open-Meteo Historical Archive)
2023-07-07,22.4125,73.0944,27.8,87,19.4,995.9,4.19,191,0.8,4.117,ERA5 Reanalysis (Open-Meteo Historical Archive)
2023-07-08,22.4125,73.0944,27.9,86,13.6,996.3,6.81,202,2.549,6.31,ERA5 Reanalysis (Open-Meteo Historical Archive)
2023-07-09,22.4125,73.0944,27.4,88,23.0,997.4,6.25,224,4.342,4.496,ERA5 Reanalysis (Open-Meteo Historical Archive)
2023-07-10,22.4125,73.0944,26.8,90,35.4,998.6,5.97,236,4.951,3.34,ERA5 Reanalysis (Open-Meteo Historical Archive)
2023-07-11,22.4125,73.0944,27.0,90,4.8,999.5,4.5,231,3.497,2.832,ERA5 Reanalysis (Open-Meteo Historical Archive)
2023-07-12,22.4125,73.0944,27.7,87,2.6,998.6,3.81,227,2.783,2.595,ERA5 Reanalysis (Open-Meteo Historical Archive)
2023-07-13,22.4125,73.0944,27.6,89,20.1,998.4,4.39,205,1.855,3.978,ERA5 Reanalysis (Open-Meteo Historical Archive)
2023-07-14,22.4125,73.0944,28.4,83,12.5,999.4,4.69,218,2.89,3.699,ERA5 Reanalysis (Open-Meteo Historical Archive)
2023-07-15,22.4125,73.0944,27.4,87,23.0,999.8,4.17,226,2.997,2.894,ERA5 Reanalysis (Open-Meteo Historical Archive)
2023-07-16,22.4125,73.0944,28.4,82,2.9,999.0,4.69,224,3.261,3.377,ERA5 Reanalysis (Open-Meteo Historical Archive)
2023-07-17,22.4125,73.0944,28.3,83,4.0,997.8,4.47,215,2.565,3.663,ERA5 Reanalysis (Open-Meteo Historical Archive)
2023-07-18,22.4125,73.0944,27.4,89,25.2,996.5,3.81,234,3.079,2.237,ERA5 Reanalysis (Open-Meteo Historical Archive)
2023-07-19,22.4125,73.0944,27.7,90,14.8,994.3,2.5,242,2.207,1.174,ERA5 Reanalysis (Open-Meteo Historical Archive)
2023-07-20,22.4125,73.0944,27.6,89,11.1,994.2,5.08,213,2.769,4.263,ERA5 Reanalysis (Open-Meteo Historical Archive)
2023-07-21,22.4125,73.0944,28.2,85,1.9,996.5,4.83,213,2.632,4.054,ERA5 Reanalysis (Open-Meteo Historical Archive)
2023-07-22,22.4125,73.0944,27.2,90,10.7,996.9,3.56,215,2.039,2.913,ERA5 Reanalysis (Open-Meteo Historical Archive)
2023-07-23,22.4125,73.0944,27.9,86,2.1,995.5,6.64,187,0.809,6.589,ERA5 Reanalysis (Open-Meteo Historical Archive)
2023-07-24,22.4125,73.0944,27.7,86,23.6,996.2,5.67,206,2.484,5.093,ERA5 Reanalysis (Open-Meteo Historical Archive)
2023-07-25,22.4125,73.0944,27.7,87,16.4,998.4,4.56,221,2.989,3.438,ERA5 Reanalysis (Open-Meteo Historical Archive)
2023-07-26,22.4125,73.0944,28.4,82,3.9,999.5,4.53,232,3.568,2.788,ERA5 Reanalysis (Open-Meteo Historical Archive)
2023-07-27,22.4125,73.0944,27.4,88,14.7,999.5,4.47,253,4.277,1.308,ERA5 Reanalysis (Open-Meteo Historical Archive)
2023-07-28,22.4125,73.0944,27.4,87,10.8,999.4,4.61,248,4.275,1.727,ERA5 Reanalysis (Open-Meteo Historical Archive)
2023-07-29,22.4125,73.0944,27.9,82,5.1,999.6,6.11,233,4.881,3.678,ERA5 Reanalysis (Open-Meteo Historical Archive)
2023-07-30,22.4125,73.0944,27.7,82,3.4,999.0,6.0,229,4.528,3.936,ERA5 Reanalysis (Open-Meteo Historical Archive)
2023-07-31,22.4125,73.0944,27.4,86,5.9,998.6,5.92,229,4.465,3.882,ERA5 Reanalysis (Open-Meteo Historical Archive)
2023-08-01,22.4125,73.0944,28.0,83,4.6,998.3,5.86,236,4.859,3.277,ERA5 Reanalysis (Open-Meteo Historical Archive)
2023-08-02,22.4125,73.0944,28.1,80,2.2,998.7,6.53,234,5.281,3.837,ERA5 Reanalysis (Open-Meteo Historical Archive)
2023-08-03,22.4125,73.0944,27.9,80,1.3,998.3,6.75,233,5.391,4.062,ERA5 Reanalysis (Open-Meteo Historical Archive)
2023-08-04,22.4125,73.0944,27.8,83,1.3,999.4,5.78,230,4.426,3.714,ERA5 Reanalysis (Open-Meteo Historical Archive)
2023-08-05,22.4125,73.0944,28.4,81,0.6,1001.2,5.28,231,4.102,3.321,ERA5 Reanalysis (Open-Meteo Historical Archive)
2023-08-06,22.4125,73.0944,28.5,78,1.1,1000.6,6.69,237,5.614,3.646,ERA5 Reanalysis (Open-Meteo Historical Archive)
2023-08-07,22.4125,73.0944,28.0,77,0.4,998.9,7.33,232,5.779,4.515,ERA5 Reanalysis (Open-Meteo Historical Archive)
2023-08-08,22.4125,73.0944,28.1,78,0.6,999.6,7.06,227,5.16,4.812,ERA5 Reanalysis (Open-Meteo Historical Archive)
2023-08-09,22.4125,73.0944,28.1,79,1.6,1002.0,5.78,230,4.426,3.714,ERA5 Reanalysis (Open-Meteo Historical Archive)
2023-08-10,22.4125,73.0944,27.9,80,3.2,1002.8,5.25,223,3.58,3.84,ERA5 Reanalysis (Open-Meteo Historical Archive)
2023-08-11,22.4125,73.0944,28.3,77,0.6,1002.7,4.83,228,3.592,3.234,ERA5 Reanalysis (Open-Meteo Historical Archive)
2023-08-12,22.4125,73.0944,28.1,79,2.3,1001.8,5.08,232,4.006,3.13,ERA5 Reanalysis (Open-Meteo Historical Archive)
2023-08-13,22.4125,73.0944,28.2,76,0.5,1000.0,6.58,230,5.043,4.232,ERA5 Reanalysis (Open-Meteo Historical Archive)
2023-08-14,22.4125,73.0944,28.1,78,1.2,1000.6,5.92,223,4.035,4.327,ERA5 Reanalysis (Open-Meteo Historical Archive)
2023-08-15,22.4125,73.0944,28.6,76,1.1,1001.5,5.11,221,3.353,3.857,ERA5 Reanalysis (Open-Meteo Historical Archive)
2023-08-16,22.4125,73.0944,28.7,75,1.0,1002.4,4.67,229,3.522,3.062,ERA5 Reanalysis (Open-Meteo Historical Archive)
2023-08-17,22.4125,73.0944,28.3,76,1.4,1002.4,4.81,243,4.282,2.182,ERA5 Reanalysis (Open-Meteo Historical Archive)
2023-08-18,22.4125,73.0944,28.0,76,0.5,1001.4,4.47,255,4.32,1.157,ERA5 Reanalysis (Open-Meteo Historical Archive)
2023-08-19,22.4125,73.0944,28.3,75,1.4,1000.1,4.31,275,4.289,-0.375,ERA5 Reanalysis (Open-Meteo Historical Archive)
2023-08-20,22.4125,73.0944,27.5,82,4.0,1000.0,3.86,269,3.861,0.067,ERA5 Reanalysis (Open-Meteo Historical Archive)
2023-08-21,22.4125,73.0944,27.3,81,0.0,1000.5,3.44,240,2.983,1.722,ERA5 Reanalysis (Open-Meteo Historical Archive)
2023-08-22,22.4125,73.0944,28.4,78,0.6,1000.3,4.44,233,3.549,2.675,ERA5 Reanalysis (Open-Meteo Historical Archive)
2023-08-23,22.4125,73.0944,28.4,76,0.4,999.9,6.25,224,4.342,4.496,ERA5 Reanalysis (Open-Meteo Historical Archive)
2023-08-24,22.4125,73.0944,28.4,76,0.4,998.6,6.78,219,4.265,5.267,ERA5 Reanalysis (Open-Meteo Historical Archive)
2023-08-25,22.4125,73.0944,28.8,74,0.0,998.7,6.03,223,4.111,4.408,ERA5 Reanalysis (Open-Meteo Historical Archive)
2023-08-26,22.4125,73.0944,28.4,77,1.1,1000.3,5.42,217,3.26,4.326,ERA5 Reanalysis (Open-Meteo Historical Archive)
2023-08-27,22.4125,73.0944,28.5,74,1.1,1001.6,5.03,227,3.677,3.429,ERA5 Reanalysis (Open-Meteo Historical Archive)
2023-08-28,22.4125,73.0944,28.5,73,0.2,1001.2,5.31,228,3.943,3.55,ERA5 Reanalysis (Open-Meteo Historical Archive)
2023-08-29,22.4125,73.0944,28.7,71,0.2,1001.9,4.69,228,3.489,3.141,ERA5 Reanalysis (Open-Meteo Historical Archive)
2023-08-30,22.4125,73.0944,28.8,71,0.1,1003.2,3.89,220,2.5,2.979,ERA5 Reanalysis (Open-Meteo Historical Archive)
2023-08-31,22.4125,73.0944,29.0,73,0.2,1003.3,3.44,207,1.564,3.069,ERA5 Reanalysis (Open-Meteo Historical Archive)
2023-09-01,22.4125,73.0944,29.8,66,0.0,1003.1,2.97,235,2.435,1.705,ERA5 Reanalysis (Open-Meteo Historical Archive)
2023-09-02,22.4125,73.0944,30.3,61,0.0,1002.5,3.58,263,3.557,0.437,ERA5 Reanalysis (Open-Meteo Historical Archive)
2023-09-03,22.4125,73.0944,29.7,68,0.8,1001.5,3.61,229,2.725,2.369,ERA5 Reanalysis (Open-Meteo Historical Archive)
2023-09-04,22.4125,73.0944,29.7,66,0.9,1000.4,3.97,244,3.57,1.741,ERA5 Reanalysis (Open-Meteo Historical Archive)
2023-09-05,22.4125,73.0944,30.2,64,0.0,999.7,3.78,281,3.708,-0.721,ERA5 Reanalysis (Open-Meteo Historical Archive)
2023-09-06,22.4125,73.0944,30.2,67,26.8,999.0,5.92,291,5.524,-2.12,ERA5 Reanalysis (Open-Meteo Historical Archive)
2023-09-07,22.4125,73.0944,28.0,83,27.4,998.6,3.83,284,3.719,-0.927,ERA5 Reanalysis (Open-Meteo Historical Archive)
2023-09-08,22.4125,73.0944,28.2,85,6.2,998.7,3.58,233,2.862,2.157,ERA5 Reanalysis (Open-Meteo Historical Archive)
2023-09-09,22.4125,73.0944,27.9,83,4.0,998.7,5.75,241,5.029,2.788,ERA5 Reanalysis (Open-Meteo Historical Archive)
2023-09-10,22.4125,73.0944,28.5,77,0.0,998.5,5.11,235,4.187,2.932,ERA5 Reanalysis (Open-Meteo Historical Archive)
2023-09-11,22.4125,73.0944,29.1,72,0.1,999.5,4.81,242,4.243,2.256,ERA5 Reanalysis (Open-Meteo Historical Archive)
2023-09-12,22.4125,73.0944,28.5,73,0.1,1000.5,5.25,231,4.08,3.304,ERA5 Reanalysis (Open-Meteo Historical Archive)
2023-09-13,22.4125,73.0944,28.8,73,0.0,1000.0,5.06,231,3.929,3.182,ERA5 Reanalysis (Open-Meteo Historical Archive)
2023-09-14,22.4125,73.0944,28.9,75,0.3,1000.3,4.25,222,2.844,3.158,ERA5 Reanalysis (Open-Meteo Historical Archive)
2023-09-15,22.4125,73.0944,27.8,82,13.9,1000.3,4.19,235,3.436,2.406,ERA5 Reanalysis (Open-Meteo Historical Archive)
2023-09-16,22.4125,73.0944,26.5,90,28.8,998.6,5.97,245,5.413,2.524,ERA5 Reanalysis (Open-Meteo Historical Archive)
2023-09-17,22.4125,73.0944,25.5,92,84.4,996.8,7.72,233,6.167,4.647,ERA5 Reanalysis (Open-Meteo Historical Archive)
2023-09-18,22.4125,73.0944,26.2,90,28.3,997.3,7.53,213,4.1,6.313,ERA5 Reanalysis (Open-Meteo Historical Archive)
2023-09-19,22.4125,73.0944,26.4,90,11.1,999.5,6.14,196,1.692,5.901,ERA5 Reanalysis (Open-Meteo Historical Archive)
2023-09-20,22.4125,73.0944,27.2,88,5.9,1001.1,4.61,192,0.959,4.51,ERA5 Reanalysis (Open-Meteo Historical Archive)
2023-09-21,22.4125,73.0944,27.9,86,3.9,1001.8,3.61,199,1.176,3.414,ERA5 Reanalysis (Open-Meteo Historical Archive)
2023-09-22,22.4125,73.0944,28.3,83,1.3,1002.3,3.44,212,1.825,2.921,ERA5 Reanalysis (Open-Meteo Historical Archive)
2023-09-23,22.4125,73.0944,27.5,88,9.2,1002.8,3.58,215,2.055,2.935,ERA5 Reanalysis (Open-Meteo Historical Archive)
2023-09-24,22.4125,73.0944,26.9,89,8.8,1003.0,3.69,212,1.958,3.133,ERA5 Reanalysis (Open-Meteo Historical Archive)
2023-09-25,22.4125,73.0944,27.2,87,0.8,1002.3,3.03,236,2.51,1.693,ERA5 Reanalysis (Open-Meteo Historical Archive)
2023-09-26,22.4125,73.0944,27.6,89,12.4,1002.4,3.03,257,2.95,0.681,ERA5 Reanalysis (Open-Meteo Historical Archive)
2023-09-27,22.4125,73.0944,27.6,88,7.7,1002.2,4.42,308,3.48,-2.719,ERA5 Reanalysis (Open-Meteo Historical Archive)
2023-09-28,22.4125,73.0944,28.0,88,4.9,1001.5,3.58,13,-0.806,-3.491,ERA5 Reanalysis (Open-Meteo Historical Archive)
2023-09-29,22.4125,73.0944,28.9,78,0.3,1001.0,3.22,7,-0.393,-3.198,ERA5 Reanalysis (Open-Meteo Historical Archive)
2023-09-30,22.4125,73.0944,28.5,66,0.0,1000.9,3.89,23,-1.52,-3.58,ERA5 Reanalysis (Open-Meteo Historical Archive)
2023-10-01,22.4125,73.0944,28.5,65,0.0,1000.5,2.81,343,0.82,-2.683,ERA5 Reanalysis (Open-Meteo Historical Archive)
2023-10-02,22.4125,73.0944,28.2,68,0.0,1002.2,2.92,283,2.842,-0.656,ERA5 Reanalysis (Open-Meteo Historical Archive)
2023-10-03,22.4125,73.0944,28.0,76,0.0,1004.2,2.94,238,2.497,1.56,ERA5 Reanalysis (Open-Meteo Historical Archive)
2023-10-04,22.4125,73.0944,28.2,74,0.0,1005.1,2.78,269,2.777,0.048,ERA5 Reanalysis (Open-Meteo Historical Archive)
2023-10-05,22.4125,73.0944,27.2,73,0.0,1004.9,2.61,275,2.601,-0.228,ERA5 Reanalysis (Open-Meteo Historical Archive)
2023-10-06,22.4125,73.0944,27.1,77,0.0,1004.2,2.89,243,2.574,1.312,ERA5 Reanalysis (Open-Meteo Historical Archive)
2023-10-07,22.4125,73.0944,27.8,76,0.0,1004.8,2.25,238,1.908,1.192,ERA5 Reanalysis (Open-Meteo Historical Archive)
2023-10-08,22.4125,73.0944,28.5,71,0.0,1005.8,2.33,234,1.888,1.371,ERA5 Reanalysis (Open-Meteo Historical Archive)
2023-10-09,22.4125,73.0944,27.7,70,0.0,1006.7,2.5,211,1.288,2.143,ERA5 Reanalysis (Open-Meteo Historical Archive)
2023-10-10,22.4125,73.0944,27.3,69,0.0,1007.0,2.28,224,1.582,1.638,ERA5 Reanalysis (Open-Meteo Historical Archive)
2023-10-11,22.4125,73.0944,27.7,67,0.0,1006.9,2.19,65,-1.989,-0.927,ERA5 Reanalysis (Open-Meteo Historical Archive)
2023-10-12,22.4125,73.0944,28.7,64,0.0,1007.3,2.28,75,-2.2,-0.59,ERA5 Reanalysis (Open-Meteo Historical Archive)
2023-10-13,22.4125,73.0944,29.2,58,0.0,1007.5,2.69,338,1.009,-2.498,ERA5 Reanalysis (Open-Meteo Historical Archive)
2023-10-14,22.4125,73.0944,28.8,58,0.0,1007.2,2.42,252,2.298,0.747,ERA5 Reanalysis (Open-Meteo Historical Archive)
2023-10-15,22.4125,73.0944,28.2,67,0.9,1006.2,3.75,295,3.399,-1.585,ERA5 Reanalysis (Open-Meteo Historical Archive)
2023-10-16,22.4125,73.0944,28.5,62,0.0,1006.1,2.33,288,2.219,-0.721,ERA5 Reanalysis (Open-Meteo Historical Archive)
2023-10-17,22.4125,73.0944,27.9,60,0.1,1007.7,2.08,354,0.218,-2.072,ERA5 Reanalysis (Open-Meteo Historical Archive)
2023-10-18,22.4125,73.0944,27.7,59,0.0,1008.7,2.61,18,-0.807,-2.483,ERA5 Reanalysis (Open-Meteo Historical Archive)
2023-10-19,22.4125,73.0944,27.5,56,0.0,1008.1,2.42,357,0.126,-2.413,ERA5 Reanalysis (Open-Meteo Historical Archive)
2023-10-20,22.4125,73.0944,28.2,48,0.0,1007.9,2.92,44,-2.026,-2.098,ERA5 Reanalysis (Open-Meteo Historical Archive)
2023-10-21,22.4125,73.0944,27.9,49,0.0,1008.4,2.69,42,-1.803,-2.002,ERA5 Reanalysis (Open-Meteo Historical Archive)
2023-10-22,22.4125,73.0944,27.4,48,0.0,1008.8,2.61,17,-0.763,-2.497,ERA5 Reanalysis (Open-Meteo Historical Archive)
2023-10-23,22.4125,73.0944,27.4,49,0.0,1007.7,2.61,5,-0.228,-2.601,ERA5 Reanalysis (Open-Meteo Historical Archive)
2023-10-24,22.4125,73.0944,27.3,48,0.0,1007.2,3.11,37,-1.872,-2.485,ERA5 Reanalysis (Open-Meteo Historical Archive)
2023-10-25,22.4125,73.0944,26.6,44,0.0,1008.8,3.36,9,-0.526,-3.32,ERA5 Reanalysis (Open-Meteo Historical Archive)
2023-10-26,22.4125,73.0944,26.4,45,0.0,1009.0,3.06,16,-0.842,-2.937,ERA5 Reanalysis (Open-Meteo Historical Archive)
2023-10-27,22.4125,73.0944,26.1,51,0.0,1007.6,2.78,20,-0.95,-2.61,ERA5 Reanalysis (Open-Meteo Historical Archive)
2023-10-28,22.4125,73.0944,26.5,45,0.0,1007.4,3.11,46,-2.238,-2.161,ERA5 Reanalysis (Open-Meteo Historical Archive)
2023-10-29,22.4125,73.0944,26.3,48,0.0,1007.2,3.25,30,-1.625,-2.815,ERA5 Reanalysis (Open-Meteo Historical Archive)
2023-10-30,22.4125,73.0944,27.4,39,0.0,1006.9,4.42,98,-4.374,0.615,ERA5 Reanalysis (Open-Meteo Historical Archive)
2023-10-31,22.4125,73.0944,27.3,41,0.0,1007.6,4.86,99,-4.801,0.76,ERA5 Reanalysis (Open-Meteo Historical Archive)
2023-11-01,22.4125,73.0944,27.2,46,0.0,1008.5,2.42,71,-2.285,-0.787,ERA5 Reanalysis (Open-Meteo Historical Archive)
2023-11-02,22.4125,73.0944,26.2,50,0.0,1007.9,3.69,42,-2.472,-2.746,ERA5 Reanalysis (Open-Meteo Historical Archive)
2023-11-03,22.4125,73.0944,25.7,47,0.0,1006.3,3.5,30,-1.75,-3.031,ERA5 Reanalysis (Open-Meteo Historical Archive)
2023-11-04,22.4125,73.0944,26.7,46,0.0,1006.0,2.78,59,-2.381,-1.431,ERA5 Reanalysis (Open-Meteo Historical Archive)
2023-11-05,22.4125,73.0944,26.2,41,0.0,1007.3,3.61,90,-3.611,-0.0,ERA5 Reanalysis (Open-Meteo Historical Archive)
2023-11-06,22.4125,73.0944,26.6,38,0.0,1008.5,4.36,94,-4.35,0.304,ERA5 Reanalysis (Open-Meteo Historical Archive)
2023-11-07,22.4125,73.0944,26.5,43,0.0,1008.5,2.56,72,-2.43,-0.79,ERA5 Reanalysis (Open-Meteo Historical Archive)
2023-11-08,22.4125,73.0944,26.4,44,0.0,1007.6,2.92,57,-2.446,-1.589,ERA5 Reanalysis (Open-Meteo Historical Archive)
2023-11-09,22.4125,73.0944,26.9,47,0.0,1007.8,3.36,75,-3.247,-0.87,ERA5 Reanalysis (Open-Meteo Historical Archive)
2023-11-10,22.4125,73.0944,27.4,47,0.0,1009.0,2.61,64,-2.347,-1.145,ERA5 Reanalysis (Open-Meteo Historical Archive)
2023-11-11,22.4125,73.0944,26.6,40,0.0,1010.9,3.78,28,-1.774,-3.336,ERA5 Reanalysis (Open-Meteo Historical Archive)
2023-11-12,22.4125,73.0944,24.8,36,0.0,1011.1,3.89,25,-1.644,-3.525,ERA5 Reanalysis (Open-Meteo Historical Archive)
2023-11-13,22.4125,73.0944,24.0,42,0.0,1010.0,2.83,30,-1.417,-2.454,ERA5 Reanalysis (Open-Meteo Historical Archive)
2023-11-14,22.4125,73.0944,25.1,42,0.0,1009.3,2.94,32,-1.56,-2.497,ERA5 Reanalysis (Open-Meteo Historical Archive)
2023-11-15,22.4125,73.0944,25.3,42,0.0,1009.2,3.25,35,-1.864,-2.662,ERA5 Reanalysis (Open-Meteo Historical Archive)
2023-11-16,22.4125,73.0944,25.4,43,0.0,1009.5,3.67,35,-2.103,-3.004,ERA5 Reanalysis (Open-Meteo Historical Archive)
2023-11-17,22.4125,73.0944,25.2,46,0.0,1009.6,3.5,46,-2.518,-2.431,ERA5 Reanalysis (Open-Meteo Historical Archive)
2023-11-18,22.4125,73.0944,25.3,49,0.0,1008.4,3.28,39,-2.063,-2.547,ERA5 Reanalysis (Open-Meteo Historical Archive)
2023-11-19,22.4125,73.0944,26.6,45,0.0,1008.2,3.33,54,-2.697,-1.959,ERA5 Reanalysis (Open-Meteo Historical Archive)
2023-11-20,22.4125,73.0944,27.3,48,0.0,1008.7,3.33,48,-2.477,-2.23,ERA5 Reanalysis (Open-Meteo Historical Archive)
2023-11-21,22.4125,73.0944,26.9,43,0.0,1009.0,3.81,39,-2.395,-2.957,ERA5 Reanalysis (Open-Meteo Historical Archive)
2023-11-22,22.4125,73.0944,24.8,48,0.0,1008.4,2.61,25,-1.104,-2.366,ERA5 Reanalysis (Open-Meteo Historical Archive)
2023-11-23,22.4125,73.0944,23.6,45,0.0,1006.7,2.5,24,-1.017,-2.284,ERA5 Reanalysis (Open-Meteo Historical Archive)
2023-11-24,22.4125,73.0944,25.6,43,0.0,1006.9,4.11,58,-3.486,-2.179,ERA5 Reanalysis (Open-Meteo Historical Archive)
2023-11-25,22.4125,73.0944,26.9,46,0.0,1008.0,4.61,88,-4.608,-0.161,ERA5 Reanalysis (Open-Meteo Historical Archive)
2023-11-26,22.4125,73.0944,24.1,72,51.0,1007.5,5.94,126,-4.809,3.494,ERA5 Reanalysis (Open-Meteo Historical Archive)
2023-11-27,22.4125,73.0944,22.6,83,0.6,1006.9,4.25,170,-0.738,4.185,ERA5 Reanalysis (Open-Meteo Historical Archive)
2023-11-28,22.4125,73.0944,21.7,79,0.0,1007.0,3.0,19,-0.977,-2.837,ERA5 Reanalysis (Open-Meteo Historical Archive)
2023-11-29,22.4125,73.0944,22.1,78,0.2,1007.6,3.17,24,-1.288,-2.893,ERA5 Reanalysis (Open-Meteo Historical Archive)
2023-11-30,22.4125,73.0944,22.8,79,0.2,1007.9,2.81,17,-0.82,-2.683,ERA5 Reanalysis (Open-Meteo Historical Archive)
2023-12-01,22.4125,73.0944,23.8,78,0.3,1007.6,4.53,35,-2.597,-3.709,ERA5 Reanalysis (Open-Meteo Historical Archive)
2023-12-02,22.4125,73.0944,23.9,79,11.1,1007.6,5.42,52,-4.268,-3.335,ERA5 Reanalysis (Open-Meteo Historical Archive)
2023-12-03,22.4125,73.0944,22.7,85,1.2,1008.4,4.94,57,-4.147,-2.693,ERA5 Reanalysis (Open-Meteo Historical Archive)
2023-12-04,22.4125,73.0944,23.3,80,0.1,1007.9,4.44,28,-2.087,-3.924,ERA5 Reanalysis (Open-Meteo Historical Archive)
2023-12-05,22.4125,73.0944,22.6,76,0.0,1007.3,4.56,32,-2.414,-3.863,ERA5 Reanalysis (Open-Meteo Historical Archive)
2023-12-06,22.4125,73.0944,22.7,75,0.0,1007.8,4.06,37,-2.441,-3.239,ERA5 Reanalysis (Open-Meteo Historical Archive)
2023-12-07,22.4125,73.0944,22.5,74,0.0,1008.3,3.83,34,-2.144,-3.178,ERA5 Reanalysis (Open-Meteo Historical Archive)
2023-12-08,22.4125,73.0944,22.4,72,0.0,1008.7,3.33,33,-1.815,-2.796,ERA5 Reanalysis (Open-Meteo Historical Archive)
2023-12-09,22.4125,73.0944,21.9,70,0.0,1009.8,2.86,22,-1.072,-2.653,ERA5 Reanalysis (Open-Meteo Historical Archive)
2023-12-10,22.4125,73.0944,22.1,72,0.0,1008.5,2.72,22,-1.02,-2.524,ERA5 Reanalysis (Open-Meteo Historical Archive)
2023-12-11,22.4125,73.0944,21.9,71,0.0,1008.2,2.44,21,-0.876,-2.282,ERA5 Reanalysis (Open-Meteo Historical Archive)
2023-12-12,22.4125,73.0944,21.0,76,0.0,1007.3,2.5,7,-0.305,-2.481,ERA5 Reanalysis (Open-Meteo Historical Archive)
2023-12-13,22.4125,73.0944,22.3,66,0.0,1008.6,3.58,38,-2.206,-2.824,ERA5 Reanalysis (Open-Meteo Historical Archive)
2023-12-14,22.4125,73.0944,22.9,63,0.0,1009.7,3.42,46,-2.458,-2.373,ERA5 Reanalysis (Open-Meteo Historical Archive)
2023-12-15,22.4125,73.0944,23.4,62,0.0,1010.3,2.81,51,-2.18,-1.766,ERA5 Reanalysis (Open-Meteo Historical Archive)
2023-12-16,22.4125,73.0944,23.0,60,0.0,1010.2,3.31,23,-1.292,-3.043,ERA5 Reanalysis (Open-Meteo Historical Archive)
2023-12-17,22.4125,73.0944,21.5,56,0.0,1010.5,4.08,23,-1.595,-3.759,ERA5 Reanalysis (Open-Meteo Historical Archive)
2023-12-18,22.4125,73.0944,21.7,48,0.0,1012.2,4.42,52,-3.48,-2.719,ERA5 Reanalysis (Open-Meteo Historical Archive)
2023-12-19,22.4125,73.0944,20.6,53,0.0,1013.0,4.47,58,-3.793,-2.37,ERA5 Reanalysis (Open-Meteo Historical Archive)
2023-12-20,22.4125,73.0944,20.8,53,0.0,1012.2,4.42,59,-3.786,-2.275,ERA5 Reanalysis (Open-Meteo Historical Archive)
2023-12-21,22.4125,73.0944,21.3,51,0.0,1010.3,3.72,61,-3.256,-1.805,ERA5 Reanalysis (Open-Meteo Historical Archive)
2023-12-22,22.4125,73.0944,22.4,54,0.0,1009.5,2.97,75,-2.871,-0.769,ERA5 Reanalysis (Open-Meteo Historical Archive)
2023-12-23,22.4125,73.0944,22.0,60,0.0,1010.3,2.69,35,-1.545,-2.207,ERA5 Reanalysis (Open-Meteo Historical Archive)
2023-12-24,22.4125,73.0944,22.6,60,0.0,1012.1,3.78,33,-2.058,-3.168,ERA5 Reanalysis (Open-Meteo Historical Archive)
2023-12-25,22.4125,73.0944,22.3,65,0.0,1011.6,3.33,28,-1.565,-2.943,ERA5 Reanalysis (Open-Meteo Historical Archive)
2023-12-26,22.4125,73.0944,22.5,66,0.0,1011.0,2.5,19,-0.814,-2.364,ERA5 Reanalysis (Open-Meteo Historical Archive)
2023-12-27,22.4125,73.0944,21.6,73,0.0,1011.6,2.5,9,-0.391,-2.469,ERA5 Reanalysis (Open-Meteo Historical Archive)
2023-12-28,22.4125,73.0944,23.2,65,0.0,1009.7,3.39,45,-2.396,-2.396,ERA5 Reanalysis (Open-Meteo Historical Archive)
2023-12-29,22.4125,73.0944,22.6,71,0.0,1009.5,2.64,27,-1.198,-2.351,ERA5 Reanalysis (Open-Meteo Historical Archive)
2023-12-30,22.4125,73.0944,23.0,72,0.0,1009.2,2.53,16,-0.697,-2.43,ERA5 Reanalysis (Open-Meteo Historical Archive)
2023-12-31,22.4125,73.0944,22.4,71,0.0,1008.9,2.56,8,-0.356,-2.531,ERA5 Reanalysis (Open-Meteo Historical Archive)
2024-01-01,22.4125,73.0944,21.6,73,0.0,1009.1,2.92,7,-0.355,-2.895,ERA5 Reanalysis (Open-Meteo Historical Archive)
2024-01-02,22.4125,73.0944,21.3,77,0.0,1008.5,3.03,1,-0.053,-3.027,ERA5 Reanalysis (Open-Meteo Historical Archive)
2024-01-03,22.4125,73.0944,20.2,77,0.0,1008.4,3.5,12,-0.728,-3.424,ERA5 Reanalysis (Open-Meteo Historical Archive)
2024-01-04,22.4125,73.0944,20.0,76,0.0,1008.9,4.39,24,-1.785,-4.009,ERA5 Reanalysis (Open-Meteo Historical Archive)
2024-01-05,22.4125,73.0944,19.5,74,0.0,1009.4,3.56,22,-1.332,-3.297,ERA5 Reanalysis (Open-Meteo Historical Archive)
2024-01-06,22.4125,73.0944,19.6,75,0.0,1010.1,4.25,29,-2.06,-3.717,ERA5 Reanalysis (Open-Meteo Historical Archive)
2024-01-07,22.4125,73.0944,21.0,71,0.0,1010.0,4.42,32,-2.34,-3.746,ERA5 Reanalysis (Open-Meteo Historical Archive)
2024-01-08,22.4125,73.0944,22.7,74,0.2,1009.7,3.56,28,-1.669,-3.139,ERA5 Reanalysis (Open-Meteo Historical Archive)
2024-01-09,22.4125,73.0944,23.0,72,0.2,1010.1,4.83,22,-1.811,-4.481,ERA5 Reanalysis (Open-Meteo Historical Archive)
2024-01-10,22.4125,73.0944,22.8,73,0.0,1010.1,4.17,29,-2.02,-3.644,ERA5 Reanalysis (Open-Meteo Historical Archive)
2024-01-11,22.4125,73.0944,22.9,73,0.0,1010.6,3.72,24,-1.514,-3.4,ERA5 Reanalysis (Open-Meteo Historical Archive)
2024-01-12,22.4125,73.0944,23.4,73,0.0,1009.9,3.28,16,-0.903,-3.151,ERA5 Reanalysis (Open-Meteo Historical Archive)
2024-01-13,22.4125,73.0944,22.6,69,0.0,1009.9,2.78,342,0.858,-2.642,ERA5 Reanalysis (Open-Meteo Historical Archive)
2024-01-14,22.4125,73.0944,19.7,58,0.0,1010.7,3.03,339,1.085,-2.827,ERA5 Reanalysis (Open-Meteo Historical Archive)
2024-01-15,22.4125,73.0944,18.4,61,0.0,1009.9,3.03,354,0.316,-3.011,ERA5 Reanalysis (Open-Meteo Historical Archive)
2024-01-16,22.4125,73.0944,19.0,65,0.0,1007.5,2.58,340,0.884,-2.428,ERA5 Reanalysis (Open-Meteo Historical Archive)
2024-01-17,22.4125,73.0944,18.9,66,0.0,1007.0,2.61,352,0.363,-2.586,ERA5 Reanalysis (Open-Meteo Historical Archive)
2024-01-18,22.4125,73.0944,19.6,61,0.0,1008.5,3.31,16,-0.911,-3.178,ERA5 Reanalysis (Open-Meteo Historical Archive)
2024-01-19,22.4125,73.0944,20.6,54,0.0,1009.1,4.06,24,-1.65,-3.705,ERA5 Reanalysis (Open-Meteo Historical Archive)
2024-01-20,22.4125,73.0944,19.5,51,0.0,1010.5,3.83,17,-1.121,-3.666,ERA5 Reanalysis (Open-Meteo Historical Archive)
2024-01-21,22.4125,73.0944,19.1,51,0.0,1011.2,3.89,30,-1.944,-3.368,ERA5 Reanalysis (Open-Meteo Historical Archive)
2024-01-22,22.4125,73.0944,18.8,49,0.0,1011.2,3.19,27,-1.45,-2.846,ERA5 Reanalysis (Open-Meteo Historical Archive)
2024-01-23,22.4125,73.0944,18.8,48,0.0,1011.4,4.11,26,-1.802,-3.695,ERA5 Reanalysis (Open-Meteo Historical Archive)
2024-01-24,22.4125,73.0944,19.3,49,0.0,1011.3,2.97,33,-1.619,-2.493,ERA5 Reanalysis (Open-Meteo Historical Archive)
2024-01-25,22.4125,73.0944,19.4,52,0.0,1012.2,2.78,68,-2.576,-1.041,ERA5 Reanalysis (Open-Meteo Historical Archive)
2024-01-26,22.4125,73.0944,20.2,48,0.0,1012.8,2.97,41,-1.95,-2.243,ERA5 Reanalysis (Open-Meteo Historical Archive)
2024-01-27,22.4125,73.0944,21.1,51,0.0,1012.5,3.22,53,-2.573,-1.939,ERA5 Reanalysis (Open-Meteo Historical Archive)
2024-01-28,22.4125,73.0944,21.2,56,0.0,1011.3,3.03,11,-0.578,-2.972,ERA5 Reanalysis (Open-Meteo Historical Archive)
2024-01-29,22.4125,73.0944,20.9,56,0.0,1011.6,2.53,337,0.988,-2.327,ERA5 Reanalysis (Open-Meteo Historical Archive)
2024-01-30,22.4125,73.0944,21.4,58,0.0,1010.3,2.47,22,-0.926,-2.292,ERA5 Reanalysis (Open-Meteo Historical Archive)
2024-01-31,22.4125,73.0944,21.9,57,0.0,1009.5,2.5,22,-0.937,-2.318,ERA5 Reanalysis (Open-Meteo Historical Archive)
2024-02-01,22.4125,73.0944,23.0,59,0.0,1009.9,3.19,275,3.182,-0.278,ERA5 Reanalysis (Open-Meteo Historical Archive)
2024-02-02,22.4125,73.0944,22.7,61,0.0,1011.3,2.39,7,-0.291,-2.371,ERA5 Reanalysis (Open-Meteo Historical Archive)
2024-02-03,22.4125,73.0944,23.9,55,0.0,1010.9,2.28,73,-2.178,-0.666,ERA5 Reanalysis (Open-Meteo Historical Archive)
2024-02-04,22.4125,73.0944,24.9,54,0.0,1010.7,2.97,224,2.065,2.138,ERA5 Reanalysis (Open-Meteo Historical Archive)
2024-02-05,22.4125,73.0944,24.2,60,0.0,1010.9,3.0,337,1.172,-2.762,ERA5 Reanalysis (Open-Meteo Historical Archive)
2024-02-06,22.4125,73.0944,24.3,61,0.0,1011.3,2.22,15,-0.575,-2.147,ERA5 Reanalysis (Open-Meteo Historical Archive)
2024-02-07,22.4125,73.0944,23.8,58,0.0,1012.5,3.97,10,-0.69,-3.912,ERA5 Reanalysis (Open-Meteo Historical Archive)
2024-02-08,22.4125,73.0944,23.2,45,0.0,1012.9,5.25,38,-3.232,-4.137,ERA5 Reanalysis (Open-Meteo Historical Archive)
2024-02-09,22.4125,73.0944,22.2,40,0.0,1011.3,3.56,25,-1.503,-3.222,ERA5 Reanalysis (Open-Meteo Historical Archive)
2024-02-10,22.4125,73.0944,22.5,39,0.0,1011.9,4.03,21,-1.443,-3.76,ERA5 Reanalysis (Open-Meteo Historical Archive)
2024-02-11,22.4125,73.0944,23.0,42,0.0,1012.1,4.14,27,-1.879,-3.688,ERA5 Reanalysis (Open-Meteo Historical Archive)
2024-02-12,22.4125,73.0944,23.0,44,0.0,1010.9,3.56,5,-0.31,-3.542,ERA5 Reanalysis (Open-Meteo Historical Archive)
2024-02-13,22.4125,73.0944,23.1,49,0.0,1010.9,3.19,350,0.555,-3.146,ERA5 Reanalysis (Open-Meteo Historical Archive)
2024-02-14,22.4125,73.0944,23.7,43,0.0,1011.1,3.0,346,0.726,-2.911,ERA5 Reanalysis (Open-Meteo Historical Archive)
2024-02-15,22.4125,73.0944,24.7,47,0.0,1010.5,4.08,46,-2.937,-2.837,ERA5 Reanalysis (Open-Meteo Historical Archive)
2024-02-16,22.4125,73.0944,26.7,43,0.0,1010.4,4.44,43,-3.031,-3.25,ERA5 Reanalysis (Open-Meteo Historical Archive)
2024-02-17,22.4125,73.0944,27.4,41,0.0,1008.1,3.89,23,-1.52,-3.58,ERA5 Reanalysis (Open-Meteo Historical Archive)
2024-02-18,22.4125,73.0944,26.4,36,0.0,1006.4,5.0,236,4.145,2.796,ERA5 Reanalysis (Open-Meteo Historical Archive)
2024-02-19,22.4125,73.0944,26.6,38,0.0,1006.7,5.86,235,4.801,3.362,ERA5 Reanalysis (Open-Meteo Historical Archive)
2024-02-20,22.4125,73.0944,25.6,45,0.0,1007.4,3.86,241,3.377,1.872,ERA5 Reanalysis (Open-Meteo Historical Archive)
2024-02-21,22.4125,73.0944,25.2,62,0.1,1006.7,5.03,261,4.966,0.787,ERA5 Reanalysis (Open-Meteo Historical Archive)
2024-02-22,22.4125,73.0944,24.5,60,0.0,1007.6,5.14,267,5.132,0.269,ERA5 Reanalysis (Open-Meteo Historical Archive)
2024-02-23,22.4125,73.0944,23.1,44,0.0,1008.7,2.97,343,0.869,-2.842,ERA5 Reanalysis (Open-Meteo Historical Archive)
2024-02-24,22.4125,73.0944,22.4,22,0.0,1008.9,3.61,348,0.751,-3.532,ERA5 Reanalysis (Open-Meteo Historical Archive)
2024-02-25,22.4125,73.0944,23.1,22,0.0,1008.4,5.42,28,-2.543,-4.783,ERA5 Reanalysis (Open-Meteo Historical Archive)
2024-02-26,22.4125,73.0944,25.8,35,0.0,1006.7,4.19,44,-2.914,-3.017,ERA5 Reanalysis (Open-Meteo Historical Archive)
2024-02-27,22.4125,73.0944,27.3,41,0.0,1007.3,3.53,1,-0.062,-3.527,ERA5 Reanalysis (Open-Meteo Historical Archive)
2024-02-28,22.4125,73.0944,27.3,41,0.0,1007.7,3.69,29,-1.791,-3.231,ERA5 Reanalysis (Open-Meteo Historical Archive)
2024-02-29,22.4125,73.0944,28.7,36,0.0,1006.3,3.42,41,-2.242,-2.579,ERA5 Reanalysis (Open-Meteo Historical Archive)
2024-03-01,22.4125,73.0944,29.0,38,0.0,1006.3,6.31,206,2.764,5.667,ERA5 Reanalysis (Open-Meteo Historical Archive)
2024-03-02,22.4125,73.0944,26.1,62,0.6,1006.4,6.72,257,6.55,1.512,ERA5 Reanalysis (Open-Meteo Historical Archive)
2024-03-03,22.4125,73.0944,21.7,40,0.0,1008.5,4.28,291,3.994,-1.533,ERA5 Reanalysis (Open-Meteo Historical Archive)
2024-03-04,22.4125,73.0944,21.0,36,0.0,1009.8,3.28,17,-0.958,-3.135,ERA5 Reanalysis (Open-Meteo Historical Archive)
2024-03-05,22.4125,73.0944,22.1,32,0.0,1009.1,3.19,6,-0.334,-3.177,ERA5 Reanalysis (Open-Meteo Historical Archive)
2024-03-06,22.4125,73.0944,23.4,37,0.0,1008.2,3.61,347,0.812,-3.519,ERA5 Reanalysis (Open-Meteo Historical Archive)
2024-03-07,22.4125,73.0944,24.5,33,0.0,1008.1,3.0,345,0.776,-2.898,ERA5 Reanalysis (Open-Meteo Historical Archive)
2024-03-08,22.4125,73.0944,24.9,32,0.0,1008.8,3.81,347,0.856,-3.708,ERA5 Reanalysis (Open-Meteo Historical Archive)
2024-03-09,22.4125,73.0944,25.3,28,0.0,1008.4,3.5,327,1.906,-2.935,ERA5 Reanalysis (Open-Meteo Historical Archive)
2024-03-10,22.4125,73.0944,26.0,33,0.0,1008.3,3.42,295,3.097,-1.444,ERA5 Reanalysis (Open-Meteo Historical Archive)
2024-03-11,22.4125,73.0944,27.8,33,0.0,1009.7,4.0,304,3.316,-2.237,ERA5 Reanalysis (Open-Meteo Historical Archive)
2024-03-12,22.4125,73.0944,27.8,37,0.0,1008.9,3.86,317,2.633,-2.824,ERA5 Reanalysis (Open-Meteo Historical Archive)
2024-03-13,22.4125,73.0944,27.1,35,0.0,1007.8,4.11,301,3.524,-2.117,ERA5 Reanalysis (Open-Meteo Historical Archive)
2024-03-14,22.4125,73.0944,26.5,41,0.0,1008.2,3.11,312,2.312,-2.082,ERA5 Reanalysis (Open-Meteo Historical Archive)
2024-03-15,22.4125,73.0944,26.5,32,0.0,1006.9,3.28,285,3.166,-0.848,ERA5 Reanalysis (Open-Meteo Historical Archive)
2024-03-16,22.4125,73.0944,27.1,32,0.0,1006.9,2.75,327,1.498,-2.306,ERA5 Reanalysis (Open-Meteo Historical Archive)
2024-03-17,22.4125,73.0944,27.7,30,0.0,1006.6,3.31,32,-1.752,-2.803,ERA5 Reanalysis (Open-Meteo Historical Archive)
2024-03-18,22.4125,73.0944,27.7,31,0.0,1006.6,3.19,356,0.223,-3.187,ERA5 Reanalysis (Open-Meteo Historical Archive)
2024-03-19,22.4125,73.0944,28.0,20,0.0,1007.2,4.11,15,-1.064,-3.971,ERA5 Reanalysis (Open-Meteo Historical Archive)
2024-03-20,22.4125,73.0944,30.1,19,0.0,1006.4,3.19,311,2.411,-2.096,ERA5 Reanalysis (Open-Meteo Historical Archive)
2024-03-21,22.4125,73.0944,29.9,22,0.0,1004.8,3.03,179,-0.053,3.027,ERA5 Reanalysis (Open-Meteo Historical Archive)
2024-03-22,22.4125,73.0944,29.8,21,0.0,1003.6,3.06,317,2.084,-2.235,ERA5 Reanalysis (Open-Meteo Historical Archive)
2024-03-23,22.4125,73.0944,29.9,26,0.0,1003.7,3.39,280,3.337,-0.588,ERA5 Reanalysis (Open-Meteo Historical Archive)
2024-03-24,22.4125,73.0944,30.3,35,0.0,1005.0,3.14,293,2.889,-1.226,ERA5 Reanalysis (Open-Meteo Historical Archive)
2024-03-25,22.4125,73.0944,30.4,35,0.0,1006.1,2.89,330,1.444,-2.502,ERA5 Reanalysis (Open-Meteo Historical Archive)
2024-03-26,22.4125,73.0944,32.1,31,0.0,1005.4,3.33,294,3.045,-1.356,ERA5 Reanalysis (Open-Meteo Historical Archive)
2024-03-27,22.4125,73.0944,32.9,35,0.0,1006.6,3.61,256,3.504,0.874,ERA5 Reanalysis (Open-Meteo Historical Archive)
2024-03-28,22.4125,73.0944,33.4,33,0.0,1005.1,4.31,280,4.24,-0.748,ERA5 Reanalysis (Open-Meteo Historical Archive)
2024-03-29,22.4125,73.0944,32.6,34,0.0,1004.4,5.36,264,5.332,0.56,ERA5 Reanalysis (Open-Meteo Historical Archive)
2024-03-30,22.4125,73.0944,31.5,32,0.0,1006.3,3.89,294,3.553,-1.582,ERA5 Reanalysis (Open-Meteo Historical Archive)
2024-03-31,22.4125,73.0944,30.5,27,0.0,1007.5,3.61,307,2.884,-2.173,ERA5 Reanalysis (Open-Meteo Historical Archive)
2024-04-01,22.4125,73.0944,31.0,27,0.0,1004.4,4.08,280,4.021,-0.709,ERA5 Reanalysis (Open-Meteo Historical Archive)
2024-04-02,22.4125,73.0944,30.5,33,0.0,1003.0,3.22,283,3.14,-0.725,ERA5 Reanalysis (Open-Meteo Historical Archive)
2024-04-03,22.4125,73.0944,30.8,26,0.0,1003.7,3.11,282,3.043,-0.647,ERA5 Reanalysis (Open-Meteo Historical Archive)
2024-04-04,22.4125,73.0944,31.0,36,0.0,1004.6,3.58,282,3.505,-0.745,ERA5 Reanalysis (Open-Meteo Historical Archive)
2024-04-05,22.4125,73.0944,31.8,29,0.0,1004.5,6.31,309,4.9,-3.968,ERA5 Reanalysis (Open-Meteo Historical Archive)
2024-04-06,22.4125,73.0944,32.2,25,0.0,1003.6,5.06,313,3.697,-3.448,ERA5 Reanalysis (Open-Meteo Historical Archive)
2024-04-07,22.4125,73.0944,31.4,23,0.0,1002.3,4.39,276,4.365,-0.459,ERA5 Reanalysis (Open-Meteo Historical Archive)
2024-04-08,22.4125,73.0944,31.2,32,0.0,1003.0,2.64,226,1.898,1.833,ERA5 Reanalysis (Open-Meteo Historical Archive)
2024-04-09,22.4125,73.0944,32.2,28,0.0,1002.7,3.47,192,0.722,3.396,ERA5 Reanalysis (Open-Meteo Historical Archive)
2024-04-10,22.4125,73.0944,32.3,37,0.0,1002.7,4.83,204,1.966,4.415,ERA5 Reanalysis (Open-Meteo Historical Archive)
2024-04-11,22.4125,73.0944,32.4,38,0.0,1003.5,5.14,175,-0.448,5.119,ERA5 Reanalysis (Open-Meteo Historical Archive)
2024-04-12,22.4125,73.0944,31.6,32,0.0,1003.2,4.78,193,1.075,4.655,ERA5 Reanalysis (Open-Meteo Historical Archive)
2024-04-13,22.4125,73.0944,30.6,50,0.0,1003.7,4.72,206,2.07,4.244,ERA5 Reanalysis (Open-Meteo Historical Archive)
2024-04-14,22.4125,73.0944,32.2,48,0.0,1005.1,6.94,251,6.566,2.261,ERA5 Reanalysis (Open-Meteo Historical Archive)
2024-04-15,22.4125,73.0944,34.4,35,0.0,1005.5,3.69,348,0.768,-3.614,ERA5 Reanalysis (Open-Meteo Historical Archive)
2024-04-16,22.4125,73.0944,35.5,23,0.0,1004.3,4.36,352,0.607,-4.319,ERA5 Reanalysis (Open-Meteo Historical Archive)
2024-04-17,22.4125,73.0944,35.9,22,0.0,1002.7,6.08,343,1.779,-5.818,ERA5 Reanalysis (Open-Meteo Historical Archive)
2024-04-18,22.4125,73.0944,35.8,23,0.0,1002.3,4.97,308,3.918,-3.061,ERA5 Reanalysis (Open-Meteo Historical Archive)
2024-04-19,22.4125,73.0944,34.4,29,0.0,1001.4,4.81,303,4.03,-2.617,ERA5 Reanalysis (Open-Meteo Historical Archive)
2024-04-20,22.4125,73.0944,32.6,30,0.0,1001.8,4.11,301,3.524,-2.117,ERA5 Reanalysis (Open-Meteo Historical Archive)
2024-04-21,22.4125,73.0944,32.0,35,0.0,1002.2,3.97,272,3.97,-0.139,ERA5 Reanalysis (Open-Meteo Historical Archive)
2024-04-22,22.4125,73.0944,32.3,33,0.0,1002.8,4.56,286,4.379,-1.256,ERA5 Reanalysis (Open-Meteo Historical Archive)
2024-04-23,22.4125,73.0944,32.4,33,0.0,1001.9,3.94,255,3.81,1.021,ERA5 Reanalysis (Open-Meteo Historical Archive)
2024-04-24,22.4125,73.0944,32.9,35,0.0,1000.8,2.5,236,2.073,1.398,ERA5 Reanalysis (Open-Meteo Historical Archive)
2024-04-25,22.4125,73.0944,34.1,33,0.0,1001.2,4.81,246,4.39,1.955,ERA5 Reanalysis (Open-Meteo Historical Archive)
2024-04-26,22.4125,73.0944,33.2,33,0.0,1001.7,3.72,278,3.686,-0.518,ERA5 Reanalysis (Open-Meteo Historical Archive)
2024-04-27,22.4125,73.0944,34.0,27,0.0,1002.0,4.08,314,2.937,-2.837,ERA5 Reanalysis (Open-Meteo Historical Archive)
2024-04-28,22.4125,73.0944,34.7,19,0.0,1002.3,4.28,318,2.862,-3.179,ERA5 Reanalysis (Open-Meteo Historical Archive)
2024-04-29,22.4125,73.0944,34.6,22,0.0,1002.9,4.42,293,4.066,-1.726,ERA5 Reanalysis (Open-Meteo Historical Archive)
2024-04-30,22.4125,73.0944,34.1,19,0.0,1001.4,5.03,294,4.593,-2.045,ERA5 Reanalysis (Open-Meteo Historical Archive)
2024-05-01,22.4125,73.0944,33.4,21,0.0,999.2,4.5,279,4.445,-0.704,ERA5 Reanalysis (Open-Meteo Historical Archive)
2024-05-02,22.4125,73.0944,32.2,27,0.0,999.8,3.11,256,3.019,0.753,ERA5 Reanalysis (Open-Meteo Historical Archive)
2024-05-03,22.4125,73.0944,33.3,27,0.0,1001.0,3.78,248,3.503,1.415,ERA5 Reanalysis (Open-Meteo Historical Archive)
2024-05-04,22.4125,73.0944,34.5,33,0.0,1001.9,5.25,305,4.301,-3.011,ERA5 Reanalysis (Open-Meteo Historical Archive)
2024-05-05,22.4125,73.0944,35.1,34,0.0,1000.5,5.94,290,5.586,-2.033,ERA5 Reanalysis (Open-Meteo Historical Archive)
2024-05-06,22.4125,73.0944,34.0,37,0.0,1000.7,4.42,275,4.4,-0.385,ERA5 Reanalysis (Open-Meteo Historical Archive)
2024-05-07,22.4125,73.0944,34.0,50,0.0,1001.0,6.56,225,4.635,4.635,ERA5 Reanalysis (Open-Meteo Historical Archive)
2024-05-08,22.4125,73.0944,34.2,48,0.0,1000.7,6.11,224,4.245,4.396,ERA5 Reanalysis (Open-Meteo Historical Archive)
2024-05-09,22.4125,73.0944,34.7,41,0.0,1000.1,5.97,221,3.918,4.507,ERA5 Reanalysis (Open-Meteo Historical Archive)
2024-05-10,22.4125,73.0944,34.6,41,0.0,1001.5,5.36,224,3.724,3.856,ERA5 Reanalysis (Open-Meteo Historical Archive)
2024-05-11,22.4125,73.0944,35.1,42,0.0,1002.7,4.83,251,4.57,1.574,ERA5 Reanalysis (Open-Meteo Historical Archive)
2024-05-12,22.4125,73.0944,34.8,42,0.6,1002.9,6.03,255,5.822,1.56,ERA5 Reanalysis (Open-Meteo Historical Archive)
2024-05-13,22.4125,73.0944,33.3,45,0.1,1003.2,9.75,270,9.75,0.0,ERA5 Reanalysis (Open-Meteo Historical Archive)
2024-05-14,22.4125,73.0944,34.1,37,0.2,1003.1,4.81,344,1.325,-4.619,ERA5 Reanalysis (Open-Meteo Historical Archive)
2024-05-15,22.4125,73.0944,35.3,30,0.0,1002.8,4.31,110,-4.046,1.473,ERA5 Reanalysis (Open-Meteo Historical Archive)
2024-05-16,22.4125,73.0944,35.5,31,0.3,1002.7,5.19,277,5.156,-0.633,ERA5 Reanalysis (Open-Meteo Historical Archive)
2024-05-17,22.4125,73.0944,36.8,29,0.0,1000.3,4.61,277,4.577,-0.562,ERA5 Reanalysis (Open-Meteo Historical Archive)
2024-05-18,22.4125,73.0944,37.0,34,0.0,998.5,3.83,273,3.828,-0.201,ERA5 Reanalysis (Open-Meteo Historical Archive)
2024-05-19,22.4125,73.0944,38.2,24,0.0,996.3,4.61,280,4.541,-0.801,ERA5 Reanalysis (Open-Meteo Historical Archive)
2024-05-20,22.4125,73.0944,38.0,25,0.0,996.8,5.19,301,4.453,-2.675,ERA5 Reanalysis (Open-Meteo Historical Archive)
2024-05-21,22.4125,73.0944,38.0,26,0.0,997.1,4.25,306,3.438,-2.498,ERA5 Reanalysis (Open-Meteo Historical Archive)
2024-05-22,22.4125,73.0944,38.2,30,0.0,996.3,4.53,269,4.527,0.079,ERA5 Reanalysis (Open-Meteo Historical Archive)
2024-05-23,22.4125,73.0944,37.8,32,0.0,994.8,5.94,265,5.922,0.518,ERA5 Reanalysis (Open-Meteo Historical Archive)
2024-05-24,22.4125,73.0944,37.0,35,0.0,994.4,5.22,262,5.171,0.727,ERA5 Reanalysis (Open-Meteo Historical Archive)
2024-05-25,22.4125,73.0944,36.0,45,0.0,995.4,5.86,255,5.661,1.517,ERA5 Reanalysis (Open-Meteo Historical Archive)
2024-05-26,22.4125,73.0944,35.4,52,0.0,996.2,5.61,234,4.539,3.298,ERA5 Reanalysis (Open-Meteo Historical Archive)
2024-05-27,22.4125,73.0944,34.1,58,0.0,995.5,7.39,224,5.133,5.315,ERA5 Reanalysis (Open-Meteo Historical Archive)
2024-05-28,22.4125,73.0944,33.6,58,0.0,995.7,7.56,221,4.957,5.702,ERA5 Reanalysis (Open-Meteo Historical Archive)
2024-05-29,22.4125,73.0944,33.1,59,0.0,996.1,7.86,216,4.621,6.36,ERA5 Reanalysis (Open-Meteo Historical Archive)
2024-05-30,22.4125,73.0944,33.5,55,0.0,997.9,6.81,221,4.465,5.136,ERA5 Reanalysis (Open-Meteo Historical Archive)
2024-05-31,22.4125,73.0944,33.7,54,0.0,999.3,6.03,220,3.875,4.618,ERA5 Reanalysis (Open-Meteo Historical Archive)
2024-06-01,22.4125,73.0944,33.8,52,0.0,999.2,6.31,223,4.3,4.612,ERA5 Reanalysis (Open-Meteo Historical Archive)
2024-06-02,22.4125,73.0944,33.8,53,0.0,999.9,5.67,227,4.144,3.865,ERA5 Reanalysis (Open-Meteo Historical Archive)
2024-06-03,22.4125,73.0944,34.5,52,0.0,999.9,6.14,219,3.863,4.771,ERA5 Reanalysis (Open-Meteo Historical Archive)
2024-06-04,22.4125,73.0944,34.7,49,0.1,1000.0,6.25,220,4.017,4.788,ERA5 Reanalysis (Open-Meteo Historical Archive)
2024-06-05,22.4125,73.0944,34.7,48,0.0,1000.3,6.14,238,5.206,3.253,ERA5 Reanalysis (Open-Meteo Historical Archive)
2024-06-06,22.4125,73.0944,35.3,45,0.0,1001.0,5.44,259,5.344,1.039,ERA5 Reanalysis (Open-Meteo Historical Archive)
2024-06-07,22.4125,73.0944,35.1,49,0.0,999.1,5.67,246,5.177,2.305,ERA5 Reanalysis (Open-Meteo Historical Archive)
2024-06-08,22.4125,73.0944,33.5,53,1.6,998.6,5.33,213,2.905,4.473,ERA5 Reanalysis (Open-Meteo Historical Archive)
2024-06-09,22.4125,73.0944,33.9,57,0.5,997.8,6.61,219,4.161,5.138,ERA5 Reanalysis (Open-Meteo Historical Archive)
2024-06-10,22.4125,73.0944,33.1,58,0.3,999.0,4.81,210,2.403,4.162,ERA5 Reanalysis (Open-Meteo Historical Archive)
2024-06-11,22.4125,73.0944,34.2,53,0.0,998.8,6.28,240,5.437,3.139,ERA5 Reanalysis (Open-Meteo Historical Archive)
2024-06-12,22.4125,73.0944,33.7,52,0.0,999.7,6.19,237,5.195,3.374,ERA5 Reanalysis (Open-Meteo Historical Archive)
2024-06-13,22.4125,73.0944,33.5,53,0.0,999.5,6.06,228,4.5,4.052,ERA5 Reanalysis (Open-Meteo Historical Archive)
2024-06-14,22.4125,73.0944,33.2,55,0.0,998.6,6.06,225,4.282,4.282,ERA5 Reanalysis (Open-Meteo Historical Archive)
2024-06-15,22.4125,73.0944,33.1,55,0.0,998.3,5.36,225,3.791,3.791,ERA5 Reanalysis (Open-Meteo Historical Archive)
2024-06-16,22.4125,73.0944,33.4,56,0.0,998.7,5.61,216,3.298,4.539,ERA5 Reanalysis (Open-Meteo Historical Archive)
2024-06-17,22.4125,73.0944,33.4,57,0.0,998.9,6.14,214,3.433,5.089,ERA5 Reanalysis (Open-Meteo Historical Archive)
2024-06-18,22.4125,73.0944,32.3,63,1.2,998.3,6.75,214,3.775,5.596,ERA5 Reanalysis (Open-Meteo Historical Archive)
2024-06-19,22.4125,73.0944,32.2,63,1.7,995.9,7.0,214,3.914,5.803,ERA5 Reanalysis (Open-Meteo Historical Archive)
2024-06-20,22.4125,73.0944,32.1,65,1.0,994.7,7.31,206,3.203,6.566,ERA5 Reanalysis (Open-Meteo Historical Archive)
2024-06-21,22.4125,73.0944,32.7,64,0.9,995.6,6.61,215,3.792,5.416,ERA5 Reanalysis (Open-Meteo Historical Archive)
2024-06-22,22.4125,73.0944,33.7,57,0.0,994.8,5.36,233,4.282,3.226,ERA5 Reanalysis (Open-Meteo Historical Archive)
2024-06-23,22.4125,73.0944,32.5,67,2.6,994.3,4.81,201,1.722,4.486,ERA5 Reanalysis (Open-Meteo Historical Archive)
2024-06-24,22.4125,73.0944,31.9,68,6.7,993.3,4.53,220,2.91,3.468,ERA5 Reanalysis (Open-Meteo Historical Archive)
2024-06-25,22.4125,73.0944,29.5,81,32.4,992.5,4.56,209,2.209,3.984,ERA5 Reanalysis (Open-Meteo Historical Archive)
2024-06-26,22.4125,73.0944,31.6,73,2.1,991.8,3.58,189,0.561,3.539,ERA5 Reanalysis (Open-Meteo Historical Archive)
2024-06-27,22.4125,73.0944,30.6,73,2.7,993.5,5.28,177,-0.276,5.271,ERA5 Reanalysis (Open-Meteo Historical Archive)
2024-06-28,22.4125,73.0944,28.2,84,21.9,994.7,6.08,180,-0.0,6.083,ERA5 Reanalysis (Open-Meteo Historical Archive)
2024-06-29,22.4125,73.0944,28.1,86,14.8,995.8,7.5,194,1.814,7.277,ERA5 Reanalysis (Open-Meteo Historical Archive)
2024-06-30,22.4125,73.0944,27.2,91,45.1,995.9,6.78,196,1.868,6.515,ERA5 Reanalysis (Open-Meteo Historical Archive)
2024-07-01,22.4125,73.0944,26.9,92,38.9,993.6,8.14,197,2.38,7.783,ERA5 Reanalysis (Open-Meteo Historical Archive)
2024-07-02,22.4125,73.0944,27.5,86,27.7,993.1,7.44,221,4.884,5.618,ERA5 Reanalysis (Open-Meteo Historical Archive)
2024-07-03,22.4125,73.0944,29.5,81,5.6,994.3,6.47,212,3.43,5.489,ERA5 Reanalysis (Open-Meteo Historical Archive)
2024-07-04,22.4125,73.0944,28.9,83,5.1,996.1,5.11,204,2.079,4.669,ERA5 Reanalysis (Open-Meteo Historical Archive)
2024-07-05,22.4125,73.0944,27.7,88,10.1,994.5,4.92,209,2.384,4.3,ERA5 Reanalysis (Open-Meteo Historical Archive)
2024-07-06,22.4125,73.0944,28.7,84,3.7,993.0,5.33,201,1.911,4.979,ERA5 Reanalysis (Open-Meteo Historical Archive)
2024-07-07,22.4125,73.0944,29.8,78,0.8,994.7,5.17,214,2.889,4.283,ERA5 Reanalysis (Open-Meteo Historical Archive)
2024-07-08,22.4125,73.0944,29.1,82,2.3,995.8,4.31,209,2.087,3.766,ERA5 Reanalysis (Open-Meteo Historical Archive)
2024-07-09,22.4125,73.0944,28.6,84,18.9,996.8,4.86,204,1.977,4.441,ERA5 Reanalysis (Open-Meteo Historical Archive)
2024-07-10,22.4125,73.0944,29.0,79,1.8,998.9,5.28,204,2.147,4.821,ERA5 Reanalysis (Open-Meteo Historical Archive)
2024-07-11,22.4125,73.0944,28.9,80,6.4,998.0,5.14,223,3.505,3.758,ERA5 Reanalysis (Open-Meteo Historical Archive)
2024-07-12,22.4125,73.0944,28.7,81,9.0,995.7,5.53,232,4.356,3.403,ERA5 Reanalysis (Open-Meteo Historical Archive)
2024-07-13,22.4125,73.0944,28.1,85,9.7,995.2,5.31,217,3.193,4.237,ERA5 Reanalysis (Open-Meteo Historical Archive)
2024-07-14,22.4125,73.0944,28.5,84,2.6,994.3,4.67,212,2.473,3.958,ERA5 Reanalysis (Open-Meteo Historical Archive)
2024-07-15,22.4125,73.0944,27.7,89,18.3,994.5,3.19,256,3.1,0.773,ERA5 Reanalysis (Open-Meteo Historical Archive)
2024-07-16,22.4125,73.0944,28.4,86,14.5,993.7,4.69,204,1.909,4.289,ERA5 Reanalysis (Open-Meteo Historical Archive)
2024-07-17,22.4125,73.0944,28.7,80,1.2,994.8,5.0,201,1.792,4.668,ERA5 Reanalysis (Open-Meteo Historical Archive)
2024-07-18,22.4125,73.0944,28.7,82,5.1,994.6,6.86,191,1.309,6.735,ERA5 Reanalysis (Open-Meteo Historical Archive)
2024-07-19,22.4125,73.0944,28.0,85,1.9,992.4,5.53,184,0.386,5.514,ERA5 Reanalysis (Open-Meteo Historical Archive)
2024-07-20,22.4125,73.0944,28.5,82,1.9,993.4,6.53,184,0.455,6.512,ERA5 Reanalysis (Open-Meteo Historical Archive)
2024-07-21,22.4125,73.0944,28.1,86,4.5,994.0,5.03,193,1.131,4.899,ERA5 Reanalysis (Open-Meteo Historical Archive)
2024-07-22,22.4125,73.0944,27.3,90,14.3,995.1,5.78,214,3.231,4.79,ERA5 Reanalysis (Open-Meteo Historical Archive)
2024-07-23,22.4125,73.0944,27.6,87,25.5,995.5,6.36,222,4.256,4.727,ERA5 Reanalysis (Open-Meteo Historical Archive)
2024-07-24,22.4125,73.0944,26.5,93,54.3,993.1,5.5,230,4.213,3.535,ERA5 Reanalysis (Open-Meteo Historical Archive)
2024-07-25,22.4125,73.0944,27.1,87,12.8,992.5,6.28,239,5.381,3.233,ERA5 Reanalysis (Open-Meteo Historical Archive)
2024-07-26,22.4125,73.0944,28.2,83,2.1,993.7,6.0,240,5.196,3.0,ERA5 Reanalysis (Open-Meteo Historical Archive)
2024-07-27,22.4125,73.0944,27.2,88,10.9,995.2,5.25,238,4.452,2.782,ERA5 Reanalysis (Open-Meteo Historical Archive)
2024-07-28,22.4125,73.0944,27.3,90,12.9,993.3,4.31,244,3.87,1.887,ERA5 Reanalysis (Open-Meteo Historical Archive)
2024-07-29,22.4125,73.0944,26.7,93,51.2,991.5,6.94,223,4.736,5.079,ERA5 Reanalysis (Open-Meteo Historical Archive)
2024-07-30,22.4125,73.0944,28.0,85,5.6,995.1,5.58,211,2.876,4.786,ERA5 Reanalysis (Open-Meteo Historical Archive)
2024-07-31,22.4125,73.0944,28.4,83,4.7,997.6,5.31,225,3.752,3.752,ERA5 Reanalysis (Open-Meteo Historical Archive)
2024-08-01,22.4125,73.0944,27.5,87,16.0,997.0,5.69,226,4.096,3.956,ERA5 Reanalysis (Open-Meteo Historical Archive)
2024-08-02,22.4125,73.0944,26.8,88,4.9,996.1,6.0,226,4.316,4.168,ERA5 Reanalysis (Open-Meteo Historical Archive)
2024-08-03,22.4125,73.0944,26.5,91,42.9,996.1,5.89,224,4.091,4.236,ERA5 Reanalysis (Open-Meteo Historical Archive)
2024-08-04,22.4125,73.0944,26.8,90,14.2,997.0,5.19,231,4.037,3.269,ERA5 Reanalysis (Open-Meteo Historical Archive)
2024-08-05,22.4125,73.0944,27.1,87,4.3,998.4,6.36,223,4.338,4.652,ERA5 Reanalysis (Open-Meteo Historical Archive)
2024-08-06,22.4125,73.0944,27.5,85,6.6,998.7,5.83,225,4.125,4.125,ERA5 Reanalysis (Open-Meteo Historical Archive)
2024-08-07,22.4125,73.0944,27.9,81,1.0,999.2,5.08,235,4.164,2.916,ERA5 Reanalysis (Open-Meteo Historical Archive)
2024-08-08,22.4125,73.0944,27.6,82,3.3,1000.4,4.92,235,4.027,2.82,ERA5 Reanalysis (Open-Meteo Historical Archive)
2024-08-09,22.4125,73.0944,26.9,88,16.7,1001.3,4.17,230,3.192,2.678,ERA5 Reanalysis (Open-Meteo Historical Archive)
2024-08-10,22.4125,73.0944,26.6,91,36.5,1000.8,6.17,235,5.051,3.537,ERA5 Reanalysis (Open-Meteo Historical Archive)
2024-08-11,22.4125,73.0944,26.5,87,2.8,999.4,5.42,233,4.326,3.26,ERA5 Reanalysis (Open-Meteo Historical Archive)
2024-08-12,22.4125,73.0944,26.9,88,15.6,999.5,4.11,216,2.416,3.326,ERA5 Reanalysis (Open-Meteo Historical Archive)
2024-08-13,22.4125,73.0944,27.4,86,2.4,1000.5,3.75,219,2.36,2.914,ERA5 Reanalysis (Open-Meteo Historical Archive)
2024-08-14,22.4125,73.0944,28.0,84,1.6,1000.6,4.36,216,2.563,3.528,ERA5 Reanalysis (Open-Meteo Historical Archive)
2024-08-15,22.4125,73.0944,27.6,85,2.8,999.7,3.81,222,2.546,2.828,ERA5 Reanalysis (Open-Meteo Historical Archive)
2024-08-16,22.4125,73.0944,28.0,82,2.5,998.6,5.61,219,3.531,4.361,ERA5 Reanalysis (Open-Meteo Historical Archive)
2024-08-17,22.4125,73.0944,28.3,80,1.9,1000.1,4.11,211,2.117,3.524,ERA5 Reanalysis (Open-Meteo Historical Archive)
2024-08-18,22.4125,73.0944,28.6,80,1.7,1001.2,2.94,229,2.222,1.932,ERA5 Reanalysis (Open-Meteo Historical Archive)
2024-08-19,22.4125,73.0944,29.3,79,0.7,1000.4,3.03,265,3.016,0.264,ERA5 Reanalysis (Open-Meteo Historical Archive)
2024-08-20,22.4125,73.0944,28.5,83,2.6,1000.1,3.39,249,3.164,1.214,ERA5 Reanalysis (Open-Meteo Historical Archive)
2024-08-21,22.4125,73.0944,27.7,89,15.9,1000.7,2.61,210,1.306,2.261,ERA5 Reanalysis (Open-Meteo Historical Archive)
2024-08-22,22.4125,73.0944,28.0,88,26.2,999.7,2.92,310,2.234,-1.875,ERA5 Reanalysis (Open-Meteo Historical Archive)
2024-08-23,22.4125,73.0944,27.1,93,28.4,1000.1,2.94,227,2.153,2.008,ERA5 Reanalysis (Open-Meteo Historical Archive)
2024-08-24,22.4125,73.0944,25.5,95,59.7,999.4,4.11,259,4.036,0.784,ERA5 Reanalysis (Open-Meteo Historical Archive)
2024-08-25,22.4125,73.0944,25.9,93,35.0,995.9,6.75,272,6.746,-0.236,ERA5 Reanalysis (Open-Meteo Historical Archive)
2024-08-26,22.4125,73.0944,25.2,93,226.0,992.1,10.39,231,8.074,6.538,ERA5 Reanalysis (Open-Meteo Historical Archive)
2024-08-27,22.4125,73.0944,26.2,88,25.1,994.9,10.47,193,2.356,10.204,ERA5 Reanalysis (Open-Meteo Historical Archive)
2024-08-28,22.4125,73.0944,26.4,88,11.3,996.2,8.28,186,0.865,8.232,ERA5 Reanalysis (Open-Meteo Historical Archive)
2024-08-29,22.4125,73.0944,26.9,86,13.8,996.7,8.61,191,1.643,8.453,ERA5 Reanalysis (Open-Meteo Historical Archive)
2024-08-30,22.4125,73.0944,27.2,84,1.2,999.5,5.75,187,0.701,5.707,ERA5 Reanalysis (Open-Meteo Historical Archive)
2024-08-31,22.4125,73.0944,27.6,82,1.1,1001.5,2.94,220,1.893,2.256,ERA5 Reanalysis (Open-Meteo Historical Archive)
2024-09-01,22.4125,73.0944,28.0,82,1.5,1000.8,3.61,249,3.371,1.294,ERA5 Reanalysis (Open-Meteo Historical Archive)
2024-09-02,22.4125,73.0944,27.1,89,28.9,999.2,4.97,310,3.809,-3.196,ERA5 Reanalysis (Open-Meteo Historical Archive)
2024-09-03,22.4125,73.0944,26.5,90,28.3,999.4,4.61,276,4.586,-0.482,ERA5 Reanalysis (Open-Meteo Historical Archive)
2024-09-04,22.4125,73.0944,26.8,88,9.4,1000.2,5.08,244,4.569,2.228,ERA5 Reanalysis (Open-Meteo Historical Archive)
2024-09-05,22.4125,73.0944,26.6,89,12.0,998.5,5.58,245,5.06,2.36,ERA5 Reanalysis (Open-Meteo Historical Archive)
2024-09-06,22.4125,73.0944,25.9,92,45.2,999.7,4.94,254,4.753,1.363,ERA5 Reanalysis (Open-Meteo Historical Archive)
2024-09-07,22.4125,73.0944,27.2,85,1.1,1000.8,3.47,250,3.263,1.188,ERA5 Reanalysis (Open-Meteo Historical Archive)
2024-09-08,22.4125,73.0944,27.3,86,2.5,1001.1,3.14,244,2.821,1.376,ERA5 Reanalysis (Open-Meteo Historical Archive)
2024-09-09,22.4125,73.0944,27.8,84,3.0,998.6,3.89,261,3.841,0.608,ERA5 Reanalysis (Open-Meteo Historical Archive)
2024-09-10,22.4125,73.0944,27.6,86,11.0,997.6,3.97,259,3.899,0.758,ERA5 Reanalysis (Open-Meteo Historical Archive)
2024-09-11,22.4125,73.0944,26.9,89,16.6,998.5,3.89,247,3.58,1.52,ERA5 Reanalysis (Open-Meteo Historical Archive)
2024-09-12,22.4125,73.0944,27.9,80,0.1,999.9,4.92,232,3.874,3.027,ERA5 Reanalysis (Open-Meteo Historical Archive)
2024-09-13,22.4125,73.0944,27.1,79,0.8,1000.8,4.83,230,3.703,3.107,ERA5 Reanalysis (Open-Meteo Historical Archive)
2024-09-14,22.4125,73.0944,26.1,84,1.3,1000.7,5.36,209,2.599,4.689,ERA5 Reanalysis (Open-Meteo Historical Archive)
2024-09-15,22.4125,73.0944,26.7,81,1.6,1001.4,3.36,232,2.649,2.069,ERA5 Reanalysis (Open-Meteo Historical Archive)
2024-09-16,22.4125,73.0944,26.8,80,0.4,1002.7,3.83,256,3.719,0.927,ERA5 Reanalysis (Open-Meteo Historical Archive)
2024-09-17,22.4125,73.0944,27.1,80,0.2,1002.9,2.89,270,2.889,0.0,ERA5 Reanalysis (Open-Meteo Historical Archive)
2024-09-18,22.4125,73.0944,27.8,78,0.0,1000.8,3.06,262,3.026,0.425,ERA5 Reanalysis (Open-Meteo Historical Archive)
2024-09-19,22.4125,73.0944,28.2,80,0.0,1001.2,4.03,241,3.523,1.953,ERA5 Reanalysis (Open-Meteo Historical Archive)
2024-09-20,22.4125,73.0944,28.5,78,0.2,1001.4,4.17,238,3.534,2.208,ERA5 Reanalysis (Open-Meteo Historical Archive)
2024-09-21,22.4125,73.0944,28.3,81,0.4,1002.5,3.28,242,2.894,1.539,ERA5 Reanalysis (Open-Meteo Historical Archive)
2024-09-22,22.4125,73.0944,28.8,81,0.4,1002.0,3.44,278,3.411,-0.479,ERA5 Reanalysis (Open-Meteo Historical Archive)
2024-09-23,22.4125,73.0944,29.0,82,0.8,1001.1,3.44,301,2.952,-1.774,ERA5 Reanalysis (Open-Meteo Historical Archive)
2024-09-24,22.4125,73.0944,28.4,86,6.5,999.5,2.89,316,2.007,-2.078,ERA5 Reanalysis (Open-Meteo Historical Archive)
2024-09-25,22.4125,73.0944,27.9,89,7.1,998.5,2.5,180,-0.0,2.5,ERA5 Reanalysis (Open-Meteo Historical Archive)
2024-09-26,22.4125,73.0944,26.7,91,40.7,997.8,2.64,331,1.279,-2.308,ERA5 Reanalysis (Open-Meteo Historical Archive)
2024-09-27,22.4125,73.0944,26.3,94,54.9,998.2,2.36,312,1.755,-1.58,ERA5 Reanalysis (Open-Meteo Historical Archive)
2024-09-28,22.4125,73.0944,25.6,94,46.3,1000.9,3.47,245,3.147,1.467,ERA5 Reanalysis (Open-Meteo Historical Archive)
2024-09-29,22.4125,73.0944,26.2,91,8.6,1004.0,2.83,270,2.833,0.0,ERA5 Reanalysis (Open-Meteo Historical Archive)
2024-09-30,22.4125,73.0944,27.6,87,0.7,1004.9,2.92,283,2.842,-0.656,ERA5 Reanalysis (Open-Meteo Historical Archive)
2024-10-01,22.4125,73.0944,28.8,85,1.2,1003.1,2.72,280,2.681,-0.473,ERA5 Reanalysis (Open-Meteo Historical Archive)
2024-10-02,22.4125,73.0944,29.3,81,0.0,1003.1,3.25,250,3.054,1.112,ERA5 Reanalysis (Open-Meteo Historical Archive)
2024-10-03,22.4125,73.0944,28.7,82,0.3,1003.1,3.75,235,3.072,2.151,ERA5 Reanalysis (Open-Meteo Historical Archive)
2024-10-04,22.4125,73.0944,28.1,83,0.4,1003.2,3.17,237,2.656,1.725,ERA5 Reanalysis (Open-Meteo Historical Archive)
2024-10-05,22.4125,73.0944,27.6,82,0.7,1004.3,2.69,248,2.498,1.009,ERA5 Reanalysis (Open-Meteo Historical Archive)
2024-10-06,22.4125,73.0944,27.6,78,0.1,1005.5,2.64,12,-0.549,-2.581,ERA5 Reanalysis (Open-Meteo Historical Archive)
2024-10-07,22.4125,73.0944,28.7,65,0.0,1006.0,2.5,59,-2.143,-1.288,ERA5 Reanalysis (Open-Meteo Historical Archive)
2024-10-08,22.4125,73.0944,28.8,65,0.0,1006.0,2.53,55,-2.071,-1.45,ERA5 Reanalysis (Open-Meteo Historical Archive)
2024-10-09,22.4125,73.0944,28.4,69,0.0,1004.2,3.81,76,-3.693,-0.921,ERA5 Reanalysis (Open-Meteo Historical Archive)
2024-10-10,22.4125,73.0944,26.9,82,17.5,1003.6,5.61,23,-2.192,-5.165,ERA5 Reanalysis (Open-Meteo Historical Archive)
2024-10-11,22.4125,73.0944,27.0,83,3.9,1003.3,3.78,58,-3.204,-2.002,ERA5 Reanalysis (Open-Meteo Historical Archive)
2024-10-12,22.4125,73.0944,26.5,87,10.2,1003.7,3.75,63,-3.341,-1.702,ERA5 Reanalysis (Open-Meteo Historical Archive)
2024-10-13,22.4125,73.0944,27.7,84,2.5,1004.2,3.64,64,-3.271,-1.595,ERA5 Reanalysis (Open-Meteo Historical Archive)
2024-10-14,22.4125,73.0944,27.9,83,0.3,1004.9,3.14,56,-2.602,-1.755,ERA5 Reanalysis (Open-Meteo Historical Archive)
2024-10-15,22.4125,73.0944,28.3,82,0.8,1004.7,2.44,58,-2.073,-1.295,ERA5 Reanalysis (Open-Meteo Historical Archive)
2024-10-16,22.4125,73.0944,28.4,85,5.0,1004.0,2.17,89,-2.166,-0.038,ERA5 Reanalysis (Open-Meteo Historical Archive)
2024-10-17,22.4125,73.0944,28.8,76,0.0,1003.4,2.58,33,-1.407,-2.167,ERA5 Reanalysis (Open-Meteo Historical Archive)
2024-10-18,22.4125,73.0944,29.0,76,5.3,1003.3,4.14,68,-3.838,-1.55,ERA5 Reanalysis (Open-Meteo Historical Archive)
2024-10-19,22.4125,73.0944,27.3,88,36.7,1005.3,4.64,149,-2.389,3.976,ERA5 Reanalysis (Open-Meteo Historical Archive)
2024-10-20,22.4125,73.0944,27.5,82,1.3,1006.3,2.03,131,-1.53,1.33,ERA5 Reanalysis (Open-Meteo Historical Archive)
2024-10-21,22.4125,73.0944,26.8,85,15.0,1006.5,5.39,128,-4.247,3.318,ERA5 Reanalysis (Open-Meteo Historical Archive)
2024-10-22,22.4125,73.0944,27.2,82,3.5,1006.5,4.64,21,-1.662,-4.331,ERA5 Reanalysis (Open-Meteo Historical Archive)
2024-10-23,22.4125,73.0944,27.9,75,0.1,1006.4,2.58,43,-1.762,-1.889,ERA5 Reanalysis (Open-Meteo Historical Archive)
2024-10-24,22.4125,73.0944,27.0,67,0.0,1006.0,2.75,22,-1.03,-2.55,ERA5 Reanalysis (Open-Meteo Historical Archive)
2024-10-25,22.4125,73.0944,26.3,62,0.0,1005.8,3.75,27,-1.702,-3.341,ERA5 Reanalysis (Open-Meteo Historical Archive)
2024-10-26,22.4125,73.0944,26.3,65,0.0,1005.7,2.33,346,0.564,-2.264,ERA5 Reanalysis (Open-Meteo Historical Archive)
2024-10-27,22.4125,73.0944,27.3,66,0.0,1004.1,3.19,323,1.922,-2.551,ERA5 Reanalysis (Open-Meteo Historical Archive)
2024-10-28,22.4125,73.0944,27.9,65,0.0,1002.3,2.69,331,1.306,-2.357,ERA5 Reanalysis (Open-Meteo Historical Archive)
2024-10-29,22.4125,73.0944,27.7,73,0.0,1003.5,3.06,339,1.095,-2.853,ERA5 Reanalysis (Open-Meteo Historical Archive)
2024-10-30,22.4125,73.0944,27.7,66,0.0,1005.1,2.86,327,1.558,-2.4,ERA5 Reanalysis (Open-Meteo Historical Archive)
2024-10-31,22.4125,73.0944,27.2,61,0.0,1006.4,2.61,13,-0.587,-2.544,ERA5 Reanalysis (Open-Meteo Historical Archive)
2024-11-01,22.4125,73.0944,27.1,56,0.0,1007.6,3.19,11,-0.61,-3.136,ERA5 Reanalysis (Open-Meteo Historical Archive)
2024-11-02,22.4125,73.0944,26.4,56,0.0,1007.9,2.75,357,0.144,-2.746,ERA5 Reanalysis (Open-Meteo Historical Archive)
2024-11-03,22.4125,73.0944,26.4,57,0.0,1007.8,2.61,11,-0.498,-2.563,ERA5 Reanalysis (Open-Meteo Historical Archive)
2024-11-04,22.4125,73.0944,26.5,58,0.0,1006.8,2.75,360,0.0,-2.75,ERA5 Reanalysis (Open-Meteo Historical Archive)
2024-11-05,22.4125,73.0944,26.8,53,0.0,1007.5,3.14,24,-1.277,-2.868,ERA5 Reanalysis (Open-Meteo Historical Archive)
2024-11-06,22.4125,73.0944,26.9,51,0.0,1008.7,3.5,27,-1.589,-3.119,ERA5 Reanalysis (Open-Meteo Historical Archive)
2024-11-07,22.4125,73.0944,26.8,58,0.0,1008.2,2.67,38,-1.642,-2.101,ERA5 Reanalysis (Open-Meteo Historical Archive)
2024-11-08,22.4125,73.0944,26.7,61,0.0,1007.7,2.61,17,-0.763,-2.497,ERA5 Reanalysis (Open-Meteo Historical Archive)
2024-11-09,22.4125,73.0944,27.3,52,0.0,1007.9,2.89,45,-2.043,-2.043,ERA5 Reanalysis (Open-Meteo Historical Archive)
2024-11-10,22.4125,73.0944,26.5,49,0.0,1008.2,3.5,42,-2.342,-2.601,ERA5 Reanalysis (Open-Meteo Historical Archive)
2024-11-11,22.4125,73.0944,25.8,54,0.0,1008.1,2.92,23,-1.14,-2.685,ERA5 Reanalysis (Open-Meteo Historical Archive)
2024-11-12,22.4125,73.0944,26.0,57,0.0,1007.5,2.56,51,-1.986,-1.608,ERA5 Reanalysis (Open-Meteo Historical Archive)
2024-11-13,22.4125,73.0944,25.5,54,0.0,1006.4,3.19,84,-3.177,-0.334,ERA5 Reanalysis (Open-Meteo Historical Archive)
2024-11-14,22.4125,73.0944,25.8,51,0.0,1007.4,2.72,95,-2.712,0.237,ERA5 Reanalysis (Open-Meteo Historical Archive)
2024-11-15,22.4125,73.0944,24.9,56,0.0,1007.9,2.03,28,-0.952,-1.79,ERA5 Reanalysis (Open-Meteo Historical Archive)
2024-11-16,22.4125,73.0944,24.9,59,0.0,1007.4,3.0,21,-1.075,-2.801,ERA5 Reanalysis (Open-Meteo Historical Archive)
2024-11-17,22.4125,73.0944,25.2,51,0.0,1007.4,2.11,39,-1.329,-1.641,ERA5 Reanalysis (Open-Meteo Historical Archive)
2024-11-18,22.4125,73.0944,24.7,51,0.0,1008.4,2.22,50,-1.702,-1.428,ERA5 Reanalysis (Open-Meteo Historical Archive)
2024-11-19,22.4125,73.0944,24.1,53,0.0,1009.5,3.44,34,-1.926,-2.856,ERA5 Reanalysis (Open-Meteo Historical Archive)
2024-11-20,22.4125,73.0944,23.8,50,0.0,1009.0,3.36,36,-1.976,-2.719,ERA5 Reanalysis (Open-Meteo Historical Archive)
2024-11-21,22.4125,73.0944,22.3,45,0.0,1008.7,3.11,25,-1.315,-2.82,ERA5 Reanalysis (Open-Meteo Historical Archive)
2024-11-22,22.4125,73.0944,22.1,49,0.0,1008.1,3.11,30,-1.556,-2.694,ERA5 Reanalysis (Open-Meteo Historical Archive)
2024-11-23,22.4125,73.0944,22.5,54,0.0,1008.6,2.69,26,-1.181,-2.422,ERA5 Reanalysis (Open-Meteo Historical Archive)
2024-11-24,22.4125,73.0944,22.9,54,0.0,1008.9,2.56,27,-1.16,-2.277,ERA5 Reanalysis (Open-Meteo Historical Archive)
2024-11-25,22.4125,73.0944,23.3,54,0.0,1009.2,3.25,60,-2.815,-1.625,ERA5 Reanalysis (Open-Meteo Historical Archive)
2024-11-26,22.4125,73.0944,22.8,51,0.0,1009.3,2.64,51,-2.051,-1.661,ERA5 Reanalysis (Open-Meteo Historical Archive)
2024-11-27,22.4125,73.0944,22.7,48,0.0,1008.5,3.14,68,-2.91,-1.176,ERA5 Reanalysis (Open-Meteo Historical Archive)
2024-11-28,22.4125,73.0944,23.4,44,0.0,1008.6,3.19,75,-3.086,-0.827,ERA5 Reanalysis (Open-Meteo Historical Archive)
2024-11-29,22.4125,73.0944,22.1,49,0.0,1009.2,3.97,59,-3.405,-2.046,ERA5 Reanalysis (Open-Meteo Historical Archive)
2024-11-30,22.4125,73.0944,21.6,44,0.0,1007.9,3.33,44,-2.316,-2.398,ERA5 Reanalysis (Open-Meteo Historical Archive)
2024-12-01,22.4125,73.0944,21.7,46,0.0,1005.9,3.06,35,-1.753,-2.503,ERA5 Reanalysis (Open-Meteo Historical Archive)
2024-12-02,22.4125,73.0944,23.3,46,0.0,1005.4,3.64,41,-2.387,-2.746,ERA5 Reanalysis (Open-Meteo Historical Archive)
2024-12-03,22.4125,73.0944,25.6,45,0.0,1007.0,4.11,37,-2.474,-3.283,ERA5 Reanalysis (Open-Meteo Historical Archive)
2024-12-04,22.4125,73.0944,26.1,48,0.0,1007.6,3.81,32,-2.017,-3.227,ERA5 Reanalysis (Open-Meteo Historical Archive)
2024-12-05,22.4125,73.0944,26.2,49,0.0,1007.6,3.61,18,-1.116,-3.434,ERA5 Reanalysis (Open-Meteo Historical Archive)
2024-12-06,22.4125,73.0944,24.1,49,0.0,1007.4,2.58,352,0.36,-2.558,ERA5 Reanalysis (Open-Meteo Historical Archive)
2024-12-07,22.4125,73.0944,21.4,50,0.0,1006.7,2.67,329,1.373,-2.286,ERA5 Reanalysis (Open-Meteo Historical Archive)
2024-12-08,22.4125,73.0944,20.7,49,0.0,1007.2,3.0,334,1.315,-2.696,ERA5 Reanalysis (Open-Meteo Historical Archive)
2024-12-09,22.4125,73.0944,18.9,28,0.0,1009.6,4.14,23,-1.617,-3.81,ERA5 Reanalysis (Open-Meteo Historical Archive)
2024-12-10,22.4125,73.0944,19.1,38,0.0,1009.9,3.47,47,-2.539,-2.368,ERA5 Reanalysis (Open-Meteo Historical Archive)
2024-12-11,22.4125,73.0944,20.2,41,0.0,1009.2,3.64,35,-2.087,-2.981,ERA5 Reanalysis (Open-Meteo Historical Archive)
2024-12-12,22.4125,73.0944,20.0,46,0.0,1009.0,3.22,18,-0.996,-3.065,ERA5 Reanalysis (Open-Meteo Historical Archive)
2024-12-13,22.4125,73.0944,19.7,38,0.0,1010.8,3.94,49,-2.977,-2.588,ERA5 Reanalysis (Open-Meteo Historical Archive)
2024-12-14,22.4125,73.0944,20.1,36,0.0,1011.1,3.89,68,-3.606,-1.457,ERA5 Reanalysis (Open-Meteo Historical Archive)
2024-12-15,22.4125,73.0944,20.8,40,0.0,1011.0,3.31,61,-2.891,-1.603,ERA5 Reanalysis (Open-Meteo Historical Archive)
2024-12-16,22.4125,73.0944,20.6,43,0.0,1009.3,2.94,35,-1.689,-2.412,ERA5 Reanalysis (Open-Meteo Historical Archive)
2024-12-17,22.4125,73.0944,19.8,55,0.0,1008.0,2.44,358,0.085,-2.443,ERA5 Reanalysis (Open-Meteo Historical Archive)
2024-12-18,22.4125,73.0944,20.7,54,0.0,1006.9,2.11,18,-0.652,-2.008,ERA5 Reanalysis (Open-Meteo Historical Archive)
2024-12-19,22.4125,73.0944,21.2,59,0.0,1006.3,1.69,321,1.066,-1.317,ERA5 Reanalysis (Open-Meteo Historical Archive)
2024-12-20,22.4125,73.0944,20.7,58,0.0,1006.6,2.78,340,0.95,-2.61,ERA5 Reanalysis (Open-Meteo Historical Archive)
2024-12-21,22.4125,73.0944,22.0,50,0.0,1006.6,2.44,47,-1.788,-1.667,ERA5 Reanalysis (Open-Meteo Historical Archive)
2024-12-22,22.4125,73.0944,23.0,59,0.0,1006.9,3.56,172,-0.495,3.521,ERA5 Reanalysis (Open-Meteo Historical Archive)
2024-12-23,22.4125,73.0944,22.5,60,0.0,1007.6,3.61,288,3.434,-1.116,ERA5 Reanalysis (Open-Meteo Historical Archive)
2024-12-24,22.4125,73.0944,20.2,47,0.0,1008.9,2.64,326,1.476,-2.188,ERA5 Reanalysis (Open-Meteo Historical Archive)
2024-12-25,22.4125,73.0944,21.9,59,0.0,1009.4,3.31,21,-1.185,-3.086,ERA5 Reanalysis (Open-Meteo Historical Archive)
2024-12-26,22.4125,73.0944,24.4,67,0.3,1010.5,2.94,86,-2.937,-0.205,ERA5 Reanalysis (Open-Meteo Historical Archive)
2024-12-27,22.4125,73.0944,23.9,74,2.8,1010.3,2.83,339,1.015,-2.645,ERA5 Reanalysis (Open-Meteo Historical Archive)
2024-12-28,22.4125,73.0944,21.8,70,0.0,1011.2,2.64,336,1.073,-2.411,ERA5 Reanalysis (Open-Meteo Historical Archive)
2024-12-29,22.4125,73.0944,21.6,70,0.0,1012.0,3.83,24,-1.559,-3.502,ERA5 Reanalysis (Open-Meteo Historical Archive)
2024-12-30,22.4125,73.0944,21.3,69,0.0,1011.8,3.25,26,-1.425,-2.921,ERA5 Reanalysis (Open-Meteo Historical Archive)
2024-12-31,22.4125,73.0944,21.4,74,0.0,1011.7,2.44,9,-0.382,-2.414,ERA5 Reanalysis (Open-Meteo Historical Archive)
